timestamp,current_a,current_roll_mean,current_roll_std
2025-08-16 22:23:14.112471,1.2152358539877215,1.2152358539877215,0.0
2025-08-16 22:23:14.212471,1.1480007946879751,1.1816183243378484,0.033617529649873246
2025-08-16 22:23:14.312471,1.2375225597903228,1.2002530694886733,0.0380517146373955
2025-08-16 22:23:14.412471,1.2470282358195606,1.211946861071395,0.038680538063407835
2025-08-16 22:23:14.512471,1.1024482405673082,1.1900471369705776,0.05581522088702578
2025-08-16 22:23:14.612471,1.134891024656884,1.1808544515849622,0.054942179230085014
2025-08-16 22:23:14.712471,1.2063920201583642,1.1845026756668766,0.05164557647671137
2025-08-16 22:23:14.812471,1.1841878703828208,1.1844633250063696,0.04831012536447964
2025-08-16 22:23:14.912471,1.1991599421247856,1.1860962824639714,0.04578080299530482
2025-08-16 22:23:15.012471,1.157347803621321,1.1832214345797065,0.04427952668925435
2025-08-16 22:23:15.112471,1.2439698987431413,1.1887440222309278,0.04568832357142586
2025-08-16 22:23:15.212471,1.2388895967714473,1.1929228201093043,0.045886347319527135
2025-08-16 22:23:15.312471,1.2033015348780607,1.193721182783824,0.04417283727299952
2025-08-16 22:23:15.412471,1.2563620603484016,1.198195531181294,0.045520573541471224
2025-08-16 22:23:15.512471,1.2233754671126023,1.1998741935767145,0.04442332508908704
2025-08-16 22:23:15.612471,1.1570353768558381,1.1971967675316597,0.04424501641002754
2025-08-16 22:23:15.712471,1.218437539204125,1.1984462246888636,0.04321395102961461
2025-08-16 22:23:15.812471,1.15205586995855,1.1958689827594016,0.04331992127423054
2025-08-16 22:23:15.912471,1.2439225150653637,1.1983981160386628,0.04350843149082149
2025-08-16 22:23:16.012471,1.1975037044506873,1.198353395459264,0.04240722142425916
2025-08-16 22:23:16.112471,1.190756881822737,1.1971294468510147,0.04225528202963214
2025-08-16 22:23:16.212471,1.1659535227798028,1.1980270832556061,0.04138379872855749
2025-08-16 22:23:16.312471,1.2611270669337014,1.1992073086127752,0.04280550932982375
2025-08-16 22:23:16.412471,1.1922735258965598,1.1964695731166253,0.041386933282507164
2025-08-16 22:23:16.512471,1.1785836088918447,1.200276341532852,0.035670458335308255
2025-08-16 22:23:16.612471,1.1823933224755885,1.2026514564237871,0.03269508468390019
2025-08-16 22:23:16.712471,1.2266154592776675,1.2036626283797522,0.0331052892231633
2025-08-16 22:23:16.812471,1.2182722032182038,1.2053668450215216,0.032935763147121294
2025-08-16 22:23:16.912471,1.2206366305797993,1.2064406794442721,0.033065743740117254
2025-08-16 22:23:17.012471,1.221541050150394,1.2096503417707258,0.031207963948036998
2025-08-16 22:23:17.112471,1.307082380043523,1.2128059658357448,0.037144818684477325
2025-08-16 22:23:17.212471,1.1796792491807693,1.209845448456211,0.0373071584233593
2025-08-16 22:23:17.312471,1.174387863546423,1.2083997648896292,0.03808483877853192
2025-08-16 22:23:17.412471,1.159311363587606,1.2035472300515893,0.0378466949451081
2025-08-16 22:23:17.512471,1.2307989711287748,1.203918405252398,0.03807505046060855
2025-08-16 22:23:17.612471,1.2564486146360445,1.2088890671414083,0.038119184346938575
2025-08-16 22:23:17.712471,1.194302627117256,1.207682321537065,0.03817977901998084
2025-08-16 22:23:17.812471,1.1579921761518737,1.207979136846731,0.037767020644283625
2025-08-16 22:23:17.912471,1.158775939215438,1.2037218080542347,0.03827106492988069
2025-08-16 22:23:18.012471,1.232529639391235,1.205473104801262,0.03874491821215818
2025-08-16 22:23:18.112471,1.237162708560172,1.207793396138134,0.0391812215705562
2025-08-16 22:23:18.212471,1.2271577134152598,1.2108536056699069,0.038170974973545914
2025-08-16 22:23:18.312471,1.1667245146355651,1.206133478055,0.03749321957546199
2025-08-16 22:23:18.412471,1.211608066153336,1.2071002050678385,0.0373724577070744
2025-08-16 22:23:18.512471,1.2058342904570363,1.2084627391460983,0.036800331657058524
2025-08-16 22:23:18.612471,1.2109344298364506,1.2098897945141414,0.03631188044583275
2025-08-16 22:23:18.712471,1.2435714388974095,1.2107375934951286,0.036885893831236395
2025-08-16 22:23:18.812471,1.211179777438734,1.210382972206155,0.03684582291954809
2025-08-16 22:23:18.912471,1.2339456781535947,1.211048424584845,0.03714397689836803
2025-08-16 22:23:19.012471,1.2033789534744446,1.2101403197510472,0.03709833749954373
2025-08-16 22:23:19.112471,1.2144559699344992,1.205508999245596,0.02976374648366079
2025-08-16 22:23:19.212471,1.231564411291927,1.208103257351154,0.029660341452013222
2025-08-16 22:23:19.312471,1.1271422090072167,1.2057409746241936,0.03383864143024923
2025-08-16 22:23:19.412471,1.1840164391821348,1.2069762284039203,0.032547505816926656
2025-08-16 22:23:19.512471,1.1764813672853602,1.2042603482117493,0.03271215070688457
2025-08-16 22:23:19.612471,1.1680561075878328,1.1998407228593388,0.03130348718518938
2025-08-16 22:23:19.712471,1.1862428874386657,1.1994377358754094,0.031423835581100866
2025-08-16 22:23:19.812471,1.2747470655617197,1.2052754803459016,0.033927366799908217
2025-08-16 22:23:19.912471,1.1567084442153377,1.2051721055958966,0.03407173337672691
2025-08-16 22:23:20.012471,1.2484139177295739,1.2059663195128136,0.034875825762424616
2025-08-16 22:23:20.112471,1.1158565114192096,1.1999010096557654,0.03920284913373758
2025-08-16 22:23:20.212471,1.1832557485007111,1.197705911410038,0.03884265393672976
2025-08-16 22:23:20.312471,1.2081376532552501,1.1997765683410222,0.038234969063857094
2025-08-16 22:23:20.412471,1.2293111165679638,1.2006617208617536,0.038700705733274304
2025-08-16 22:23:20.512471,1.2355613289896428,1.202148072788384,0.03943471491930434
2025-08-16 22:23:20.612471,1.2396673617599963,1.2035847193845612,0.04024372790960673
2025-08-16 22:23:20.712471,1.182563746387578,1.2005343347590696,0.03940050720632992
2025-08-16 22:23:20.812471,1.1768824103667717,1.1988194664054714,0.039645473871887695
2025-08-16 22:23:20.912471,1.2428987940628577,1.1992671222009346,0.04008765422873955
2025-08-16 22:23:21.012471,1.1904347837559193,1.1986199137150084,0.04012052211821275
2025-08-16 22:23:21.112471,1.136215683833104,1.1947078994099385,0.042148876623740034
2025-08-16 22:23:21.212471,1.143335639299826,1.1902964608103335,0.04267437570909345
2025-08-16 22:23:21.312471,1.1540273856999195,1.1916407196449688,0.04105660269401306
2025-08-16 22:23:21.412471,1.2248580372026883,1.1936827995459962,0.04163817432488585
2025-08-16 22:23:21.512471,1.2071212868035281,1.1952147955219048,0.04154065156972222
2025-08-16 22:23:21.612471,1.2345242677033883,1.1985382035276824,0.04189227501232808
2025-08-16 22:23:21.712471,1.1786373676831732,1.198157927539908,0.042036430858967
2025-08-16 22:23:21.812471,1.2079269845538356,1.1948169234895136,0.03830634584369566
2025-08-16 22:23:21.912471,1.2312795196983668,1.1985454772636652,0.038043885910025874
2025-08-16 22:23:22.012471,1.184532673013988,1.1953514150278859,0.036367706663892385
2025-08-16 22:23:22.112471,1.2228387618778704,1.200700527550819,0.03187166155164904
2025-08-16 22:23:22.212471,1.1669037029466673,1.199882925273117,0.03251199145606423
2025-08-16 22:23:22.312471,1.1818473076717464,1.1985684079939416,0.032682698498932634
2025-08-16 22:23:22.412471,1.1809131053000834,1.1961485074305476,0.03210346774995872
2025-08-16 22:23:22.512471,1.140208017720548,1.1913808418670928,0.032965139176635565
2025-08-16 22:23:22.612471,1.2243486240392791,1.1906149049810568,0.031998094857675664
2025-08-16 22:23:22.712471,1.1765298829898638,1.1903132118111714,0.032100862764757675
2025-08-16 22:23:22.812471,1.2006247059363844,1.191500326589652,0.03202113634659601
2025-08-16 22:23:22.912471,1.2240373329452954,1.1905572535337738,0.03074583715461682
2025-08-16 22:23:23.012471,1.222326558801497,1.1921518422860529,0.03151551168816224
2025-08-16 22:23:23.112471,1.2332692554486393,1.1970045208668296,0.029962783243447942
2025-08-16 22:23:23.212471,1.1950757257745288,1.1995915251905644,0.02733577067535463
2025-08-16 22:23:23.312471,1.1788350843977922,1.200831910125458,0.025757382533400295
2025-08-16 22:23:23.412471,1.19601408945468,1.199389712738058,0.025172617113679612
2025-08-16 22:23:23.512471,1.1156332783020986,1.1948153123129863,0.030991993590244838
2025-08-16 22:23:23.612471,1.1276443763788455,1.1894713177467593,0.0328436000398476
2025-08-16 22:23:23.712471,1.13386501938228,1.1872327003317145,0.034963194259642415
2025-08-16 22:23:23.812471,1.150137658619926,1.184343234035019,0.03551711380960478
2025-08-16 22:23:23.912471,1.2199887113361718,1.1837786936169092,0.03485004913179491
2025-08-16 22:23:24.012471,1.154726047231997,1.1822883623278098,0.035418628234151366
2025-08-16 22:23:24.112471,1.1810918722980304,1.1802010178488178,0.03417567926539475
2025-08-16 22:23:24.212471,1.2649614148893031,1.1851039034459494,0.03865635888460353
2025-08-16 22:23:24.312471,1.1821868014469286,1.1851208781347087,0.03865499964399191
2025-08-16 22:23:24.412471,1.2368757784233544,1.1879190117908722,0.040242050930615565
2025-08-16 22:23:24.512471,1.1533191159995062,1.18857456670482,0.03956050559000479
2025-08-16 22:23:24.612471,1.1897281221066185,1.1868435416081868,0.03870548449827771
2025-08-16 22:23:24.712471,1.152498897254471,1.1856419923214174,0.03937422966411246
2025-08-16 22:23:24.812471,1.183048346204972,1.1847631743348468,0.03922588310330584
2025-08-16 22:23:24.912471,1.2420154068728697,1.1856620780312255,0.04030669680314069
2025-08-16 22:23:25.012471,1.1136339788403826,1.1802274490331697,0.04227626711262962
2025-08-16 22:23:25.112471,1.2217211821772929,1.1796500453696024,0.041621679436426924
2025-08-16 22:23:25.212471,1.2118867801166138,1.1804905980867066,0.0420918096878498
2025-08-16 22:23:25.312471,1.1702925022151602,1.180063468977575,0.04214974525680851
2025-08-16 22:23:25.412471,1.1276971072805773,1.1766476198688698,0.043466351092186384
2025-08-16 22:23:25.512471,1.2036064753856934,1.1810462797230497,0.0414750162080012
2025-08-16 22:23:25.612471,1.1735253645468098,1.183340329131448,0.03968821425790051
2025-08-16 22:23:25.712471,1.2116338105677351,1.1872287686907206,0.038440475148277954
2025-08-16 22:23:25.812471,1.201092607276172,1.189776516123533,0.03757661362265043
2025-08-16 22:23:25.912471,1.2800889445660457,1.1927815277850269,0.042013684625858735
2025-08-16 22:23:26.012471,1.1880322186263488,1.1944468363547442,0.04112290432443798
2025-08-16 22:23:26.112471,1.1488251253689068,1.192833499008288,0.04223315847884652
2025-08-16 22:23:26.212471,1.2089637817478158,1.1900336173512138,0.03909843764655637
2025-08-16 22:23:26.312471,1.2109998341985881,1.1914742689887967,0.03931301102324213
2025-08-16 22:23:26.412471,1.2679593787620218,1.19302844900573,0.041623684460807026
2025-08-16 22:23:26.512471,1.2417555622957288,1.1974502713205413,0.04186709468780863
2025-08-16 22:23:26.612471,1.2178435529574754,1.1988560428630841,0.04205579795153308
2025-08-16 22:23:26.712471,1.273165144560978,1.2048893552284095,0.04359968079643572
2025-08-16 22:23:26.812471,1.1405618472838575,1.2027650302823536,0.04560119887935374
2025-08-16 22:23:26.912471,1.1680124233625127,1.1990648811068358,0.04526738137527575
2025-08-16 22:23:27.012471,1.1536712029297238,1.2010667423113028,0.04222837572192498
2025-08-16 22:23:27.112471,1.1805095098422116,1.1990061586945489,0.04217569687984949
2025-08-16 22:23:27.212471,1.1311656926221845,1.1949701043198275,0.04454571352913858
2025-08-16 22:23:27.312471,1.23175754734072,1.1980433565761053,0.04485635195051341
2025-08-16 22:23:27.412471,1.1888888651450613,1.2011029444693295,0.04194629576497305
2025-08-16 22:23:27.512471,1.1264596852748672,1.1972456049637883,0.04497643921152164
2025-08-16 22:23:27.612471,1.1492210459396228,1.196030389033429,0.045919372356246484
2025-08-16 22:23:27.712471,1.2156756923725096,1.1962324831236677,0.045996428932642885
2025-08-16 22:23:27.812471,1.241906328394719,1.198273169179595,0.047059866571529135
2025-08-16 22:23:27.912471,1.2998365445845892,1.199260549180522,0.04893588691893076
2025-08-16 22:23:28.012471,1.3456931233003664,1.207143594414223,0.05829579568204147
2025-08-16 22:23:28.112471,1.2207204716637998,1.2107383617289675,0.0567859298625831
2025-08-16 22:23:28.212471,1.1505230939984068,1.2078163273414972,0.05828584744244798
2025-08-16 22:23:28.312471,1.0933976859634345,1.2019362199297394,0.06337774757637829
2025-08-16 22:23:28.412471,1.2133855731171916,1.199207529647498,0.0616270609919833
2025-08-16 22:23:28.512471,1.1593529452344837,1.195087398794436,0.06139887465652948
2025-08-16 22:23:28.612471,1.1792321369910157,1.193156827996113,0.06125987303454867
2025-08-16 22:23:28.712471,1.1693951600470096,1.1879683287704144,0.05860047633938585
2025-08-16 22:23:28.812471,1.1929604556791806,1.1905882591901806,0.0575849731614543
2025-08-16 22:23:28.912471,1.253299011539382,1.194852588599024,0.058898158999603316
2025-08-16 22:23:29.012471,1.2078524283722671,1.1975616498711512,0.058183404730135384
2025-08-16 22:23:29.112471,1.1920682581480655,1.198139587286444,0.05806844812794279
2025-08-16 22:23:29.212471,1.1482173123587094,1.19899216827327,0.05719750276036129
2025-08-16 22:23:29.312471,1.1162658527647822,1.1932175835444732,0.05938612762119005
2025-08-16 22:23:29.412471,1.1756846045463334,1.1925573705145367,0.059503862480294184
2025-08-16 22:23:29.512471,1.197310872459084,1.1960999298737476,0.05753993841320096
2025-08-16 22:23:29.612471,1.2883964956789942,1.2030587023607162,0.05982032525067249
2025-08-16 22:23:29.712471,1.2065137260736443,1.2026006040457728,0.05975699872504516
2025-08-16 22:23:29.812471,1.2491369755511528,1.2029621364035945,0.060015022171901834
2025-08-16 22:23:29.912471,1.1750352200730423,1.1967220701780175,0.0559698806909577
2025-08-16 22:23:30.012471,1.1407528116791488,1.1864750545969565,0.04554816546984158
2025-08-16 22:23:30.112471,1.1517441618883812,1.1830262391081854,0.04543583789592853
2025-08-16 22:23:30.212471,1.1637386967732124,1.183687019246926,0.04505281874953161
2025-08-16 22:23:30.312471,1.3064234866217581,1.194338309279842,0.04755954513929545
2025-08-16 22:23:30.412471,1.1589306660387806,1.1916155639259214,0.047948327797788834
2025-08-16 22:23:30.512471,1.2419244601868171,1.195744139673538,0.04854381963554618
2025-08-16 22:23:30.612471,1.1548536410956487,1.1945252148787697,0.04924414664933458
2025-08-16 22:23:30.712471,1.2465786506437122,1.1983843894086048,0.050139752463727254
2025-08-16 22:23:30.812471,1.2192475483052931,1.1996987440399105,0.050324545364358514
2025-08-16 22:23:30.912471,1.1921681051170954,1.1966421987187963,0.048809870816853076
2025-08-16 22:23:31.012471,1.1979618736932283,1.196147670984844,0.048743846238637804
2025-08-16 22:23:31.112471,1.1672606152285305,1.1949072888388674,0.04914585452840023
2025-08-16 22:23:31.212471,1.222303610074104,1.1986116037246373,0.048271350656772447
2025-08-16 22:23:31.312471,1.177250825982961,1.201660852385546,0.04477274151827633
2025-08-16 22:23:31.412471,1.1387197118116374,1.1998126077488114,0.046535185194347024
2025-08-16 22:23:31.512471,1.136103121284019,1.196752220190058,0.04856737061412503
2025-08-16 22:23:31.612471,1.2086293958861059,1.1927638652004136,0.04393179049933517
2025-08-16 22:23:31.712471,1.2789545628205217,1.1963859070377576,0.047737531497935734
2025-08-16 22:23:31.812471,1.2079995806786719,1.1943290372941335,0.046284460779842725
2025-08-16 22:23:31.912471,1.194068083694506,1.1952806804752065,0.04607316486446025
2025-08-16 22:23:32.012471,1.214291306980127,1.1989576052402557,0.04448170991692421
2025-08-16 22:23:32.112471,1.2653000870853413,1.2046354015001035,0.04533206293536967
2025-08-16 22:23:32.212471,1.2109691250681929,1.2069969229148525,0.044359868422031316
2025-08-16 22:23:32.312471,1.1794536384583132,1.2006484305066802,0.03835549658090491
2025-08-16 22:23:32.412471,1.2553144355029944,1.205467618979891,0.03886282995267323
2025-08-16 22:23:32.512471,1.2214378219230806,1.2044432870667043,0.038151901677701466
2025-08-16 22:23:32.612471,1.2767877995997996,1.2105399949919118,0.039460455261002315
2025-08-16 22:23:32.712471,1.2091617218610953,1.2086691485527807,0.038584753592428876
2025-08-16 22:23:32.812471,1.138776548413975,1.204645598558215,0.04136723227231453
2025-08-16 22:23:32.912471,1.1315920400377166,1.201616795304246,0.04428465857627325
2025-08-16 22:23:33.012471,1.2825463966115624,1.205846021450163,0.04764511231189121
2025-08-16 22:23:33.112471,1.2861832860391649,1.2117921549906945,0.04982933221054302
2025-08-16 22:23:33.212471,1.19102403933587,1.2102281764537828,0.04996556330793055
2025-08-16 22:23:33.312471,1.1808406339432005,1.2104076668517947,0.04985309820274595
2025-08-16 22:23:33.412471,1.27307221461211,1.2171252919918185,0.04878103161372297
2025-08-16 22:23:33.512471,1.1446477158978257,1.2175525217225087,0.04810225425662596
2025-08-16 22:23:33.612471,1.1552636490522086,1.2148842343808137,0.04996720105652767
2025-08-16 22:23:33.712471,1.2321663397344522,1.2125448232265106,0.04796802628656594
2025-08-16 22:23:33.812471,1.1802697438570204,1.2111583313854277,0.04847742012656714
2025-08-16 22:23:33.912471,1.1997439066639963,1.2114421225339023,0.04839308164387709
2025-08-16 22:23:34.012471,1.1918278550737744,1.2103189499385847,0.048574261868931344
2025-08-16 22:23:34.112471,1.2168787274399466,1.207897881956315,0.04695319592831335
2025-08-16 22:23:34.212471,1.2703740930656857,1.2108681303561897,0.048892458041523715
2025-08-16 22:23:34.312471,1.2045292453450873,1.2121219107005283,0.04838973079372755
2025-08-16 22:23:34.412471,1.2321969396638428,1.2109660359085708,0.04761408015711371
2025-08-16 22:23:34.512471,1.0974913949484488,1.2047687145598391,0.053544706827503716
2025-08-16 22:23:34.612471,1.1975640799034941,1.200807528575024,0.05093724121273085
2025-08-16 22:23:34.712471,1.1578384864853564,1.198241366806237,0.0517382320704183
2025-08-16 22:23:34.812471,1.1390593469788186,1.1982555067344793,0.05172201465581461
2025-08-16 22:23:34.912471,1.1560923816535624,1.1994805238152715,0.050401901744239835
2025-08-16 22:23:35.012471,1.1832938279649594,1.1945178953829412,0.04673144030987764
2025-08-16 22:23:35.112471,1.2457951271178007,1.1924984874368731,0.04348666505372221
2025-08-16 22:23:35.212471,1.1336803641130218,1.1896313036757307,0.04534025999574013
2025-08-16 22:23:35.312471,1.2015315746297208,1.1906658507100567,0.045363927493512764
2025-08-16 22:23:35.412471,1.1757915283333211,1.1858018163961173,0.04130071331781025
2025-08-16 22:23:35.512471,1.183616345281902,1.187750247865321,0.04021825891530058
2025-08-16 22:23:35.612471,1.2501378912652301,1.192493959975972,0.041675502311513214
2025-08-16 22:23:35.712471,1.2269057718501963,1.1922309315817592,0.04144022276748856
2025-08-16 22:23:35.812471,1.266869905372137,1.1965609396575152,0.04438398824934167
2025-08-16 22:23:35.912471,1.192274716037505,1.1961874801261907,0.044387058503509554
2025-08-16 22:23:36.012471,1.165202869416465,1.194856230843325,0.04489421707138485
2025-08-16 22:23:36.112471,1.188807059155975,1.1934526474291265,0.04462175238759393
2025-08-16 22:23:36.212471,1.212124839563561,1.1905401847540202,0.041282023270670716
2025-08-16 22:23:36.312471,1.2088286679226856,1.1907551558829002,0.04136542001180997
2025-08-16 22:23:36.412471,1.1457805963883316,1.1864343387191245,0.041324242155541764
2025-08-16 22:23:36.512471,1.2045244890813938,1.191785993425772,0.03605375287411139
2025-08-16 22:23:36.612471,1.2114114165069452,1.1924783602559443,0.03629025036932821
2025-08-16 22:23:36.712471,1.325873701876696,1.2008801210255113,0.04556437757067758
2025-08-16 22:23:36.812471,1.2938422305640835,1.2086192652047747,0.047510266638720704
2025-08-16 22:23:36.912471,1.157337832472059,1.2086815377456994,0.04744214529918369
2025-08-16 22:23:37.012471,1.1856308319225413,1.2087983879435786,0.04738231165922414
2025-08-16 22:23:37.112471,1.1268278999081498,1.202850026583096,0.049771684372331475
2025-08-16 22:23:37.212471,1.1704646493018256,1.2046892408425363,0.047823178260527364
2025-08-16 22:23:37.312471,1.215780250179517,1.205401674620026,0.047876933889514514
2025-08-16 22:23:37.412471,1.2602926810444117,1.2096267322555805,0.04879715952589146
2025-08-16 22:23:37.512471,1.1635458081128196,1.2086232053971266,0.049522734966943975
2025-08-16 22:23:37.612471,1.1672926779966102,1.2044809447336955,0.04934146453872467
2025-08-16 22:23:37.712471,1.0926355485130672,1.197767433566839,0.054679382584900384
2025-08-16 22:23:37.812471,1.1918667039727546,1.1940172734968697,0.052333111213862735
2025-08-16 22:23:37.912471,1.1468792794070217,1.1917475016653456,0.053334326321526786
2025-08-16 22:23:38.012471,1.1735280286316963,1.1921637596261072,0.05315772454028659
2025-08-16 22:23:38.112471,1.1561569610916205,1.1905312547228895,0.05373397166760333
2025-08-16 22:23:38.212471,1.1952868722873722,1.18968935635908,0.05352053407737284
2025-08-16 22:23:38.312471,1.1121135804321685,1.1848536019845541,0.055889600425599276
2025-08-16 22:23:38.412471,1.1266477377304505,1.1838969590516601,0.05670796604882178
2025-08-16 22:23:38.512471,1.3064623556014148,1.1889938523776613,0.06260714147468528
2025-08-16 22:23:38.612471,1.1356288709362985,1.1852047250991289,0.06342365789857639
2025-08-16 22:23:38.712471,1.145160721077268,1.1761690760591574,0.055060925248172514
2025-08-16 22:23:38.812471,1.2918456764160657,1.1760692483517565,0.05484889016710601
2025-08-16 22:23:38.912471,1.3452533584620203,1.1854650246512546,0.0658311476349931
2025-08-16 22:23:39.012471,1.1414216685587328,1.1832545664830643,0.06652701225681945
2025-08-16 22:23:39.112471,1.1815875521605985,1.1859925490956866,0.06526321569484396
2025-08-16 22:23:39.212471,1.2170777775470254,1.1883232055079467,0.06549896297891221
2025-08-16 22:23:39.312471,1.2864348822202796,1.1918559371099848,0.06871124033956394
2025-08-16 22:23:39.412471,1.1506571460785882,1.1863741603616937,0.0673934143354402
2025-08-16 22:23:39.512471,1.1877361077028945,1.1875836753411972,0.06718962294142417
2025-08-16 22:23:39.612471,1.2388668788030872,1.1911623853815212,0.06791575947202405
2025-08-16 22:23:39.712471,1.221738303723331,1.1976175231420343,0.06428257183025382
2025-08-16 22:23:39.812471,1.181192196438495,1.1970837977653215,0.06437235548078077
2025-08-16 22:23:39.912471,1.1933088517741979,1.1994052763836802,0.06334902299839255
2025-08-16 22:23:40.012471,1.131255209581501,1.1972916354311705,0.06486425224629461
2025-08-16 22:23:40.112471,1.1880913128012667,1.198888353016653,0.06422188830606605
2025-08-16 22:23:40.212471,1.186680625499552,1.1984580406772618,0.0642733900325151
2025-08-16 22:23:40.312471,1.2116084944813128,1.2034327863797192,0.06117351553147411
2025-08-16 22:23:40.412471,1.172233639059049,1.205712081446149,0.059083635393846354
2025-08-16 22:23:40.512471,1.2235769261272569,1.2015678099724412,0.05460886129522496
2025-08-16 22:23:40.612471,1.2506357908909913,1.2073181559701758,0.05340456353513269
2025-08-16 22:23:40.712471,1.2077714663834234,1.2104486932354834,0.05146921489299975
2025-08-16 22:23:40.812471,1.2175878204199602,1.2067358004356783,0.04802675735526747
2025-08-16 22:23:40.912471,1.2026577673788934,1.1996060208815218,0.03601682230808834
2025-08-16 22:23:41.012471,1.2000042196545706,1.2025351484363138,0.0334569676792772
2025-08-16 22:23:41.112471,1.1639220983228575,1.2016518757444268,0.0342227527839398
2025-08-16 22:23:41.212471,1.2158247130836655,1.2015892225212585,0.03419559074318413
2025-08-16 22:23:41.312471,1.1951356700793254,1.197024261914211,0.02811836907431445
2025-08-16 22:23:41.412471,1.3046584154465297,1.204724325382608,0.03468590175802384
2025-08-16 22:23:41.512471,1.278667745123762,1.2092709072536514,0.037965666900653214
2025-08-16 22:23:41.612471,1.219292327627825,1.2082921796948884,0.03743874092828328
2025-08-16 22:23:41.712471,1.1618471395152616,1.2052976214844848,0.038620061091543485
2025-08-16 22:23:41.812471,1.1443794264008291,1.2034569829826016,0.04055390138322149
2025-08-16 22:23:41.912471,1.2595571476544432,1.2067693977766139,0.04225942523380687
2025-08-16 22:23:42.012471,1.2131374612573569,1.2108635103604066,0.03854873855172629
2025-08-16 22:23:42.112471,1.2240071701695805,1.2126593032288224,0.03828171250712854
2025-08-16 22:23:42.212471,1.1127707006512904,1.2089638069864093,0.04378327170755152
2025-08-16 22:23:42.312471,1.246371924077909,1.210701978466239,0.044537313389373605
2025-08-16 22:23:42.412471,1.222721016910718,1.2132263473588225,0.04370848948495702
2025-08-16 22:23:42.512471,1.1444784657792761,1.2092714243414233,0.04610582906775152
2025-08-16 22:23:42.612471,1.1764237596275025,1.205560822778249,0.04561114801141968
2025-08-16 22:23:42.712471,1.213185860217826,1.205831542469969,0.04563952504472896
2025-08-16 22:23:42.812471,1.2026233399178121,1.2050833184448617,0.04556325857240242
2025-08-16 22:23:42.912471,1.1853914407098223,1.2042200021114082,0.0457641732601158
2025-08-16 22:23:43.012471,1.194825586596702,1.2039610704585146,0.045801928121401235
2025-08-16 22:23:43.112471,1.1874011310896557,1.2051350220968546,0.045055455522054894
2025-08-16 22:23:43.212471,1.2076281256051233,1.2047251927229274,0.04499359305245141
2025-08-16 22:23:43.312471,1.2735745986496578,1.2086471391514442,0.04734401587928552
2025-08-16 22:23:43.412471,1.071667077953435,1.1969975722767896,0.05082334139655616
2025-08-16 22:23:43.512471,1.1881574867745157,1.1924720593593272,0.04725397615530803
2025-08-16 22:23:43.612471,1.2088256210686223,1.1919487240313669,0.04701138151714118
2025-08-16 22:23:43.712471,1.2147996994843548,1.1945963520298217,0.046731821519930654
2025-08-16 22:23:43.812471,1.1814042709339354,1.1964475942564767,0.04542081696743843
2025-08-16 22:23:43.912471,1.1121639108760708,1.1890779324175584,0.04652724874816256
2025-08-16 22:23:44.012471,1.2163997741857053,1.1892410480639757,0.04661694300187237
2025-08-16 22:23:44.112471,1.2863675107082093,1.192359065090907,0.05074111419387228
2025-08-16 22:23:44.212471,1.123306929754193,1.1928858765460524,0.049960760816321115
2025-08-16 22:23:44.312471,1.2431914006849094,1.1927268503764024,0.04979504750412704
2025-08-16 22:23:44.412471,1.1835737388438552,1.1907694864730591,0.049344928348515206
2025-08-16 22:23:44.512471,1.1969337827085575,1.1933922523195233,0.048195435993411945
2025-08-16 22:23:44.612471,1.1473550744648024,1.1919388180613883,0.04911478575217186
2025-08-16 22:23:44.712471,1.1832771913822062,1.1904433846196074,0.04889995099301783
2025-08-16 22:23:44.812471,1.265002229734948,1.193562329110464,0.05149767855035666
2025-08-16 22:23:44.912471,1.2291327620993853,1.1957493951799423,0.052030301290419106
2025-08-16 22:23:45.012471,1.2866155802704973,1.200338894863632,0.05566757811828932
2025-08-16 22:23:45.112471,1.2588705944488847,1.2039123680315935,0.057000335519337676
2025-08-16 22:23:45.212471,1.2219543339464787,1.2046286784486613,0.057132393899519934
2025-08-16 22:23:45.312471,1.2871967263083897,1.205309784831598,0.058024509110678725
2025-08-16 22:23:45.412471,1.221949657936915,1.2128239138307717,0.049307272655065404
2025-08-16 22:23:45.512471,1.241399408839853,1.2154860099340385,0.04934092313265493
2025-08-16 22:23:45.612471,1.1851714523232646,1.2143033014967708,0.049768046751905916
2025-08-16 22:23:45.712471,1.2033272907929602,1.213729681062201,0.0498251016767386
2025-08-16 22:23:45.812471,1.165128808834986,1.2129159079572536,0.05047508457145244
2025-08-16 22:23:45.912471,1.2494791967297427,1.2197816722499373,0.04538602099406046
2025-08-16 22:23:46.012471,1.1410848188442566,1.2160159244828648,0.048526260112438005
2025-08-16 22:23:46.112471,1.239117517120883,1.2136534248034985,0.04613494782336404
2025-08-16 22:23:46.212471,1.190467447124742,1.2170114506720258,0.0416642783759915
2025-08-16 22:23:46.312471,1.258562354673366,1.2177799983714486,0.04227736769310977
2025-08-16 22:23:46.412471,1.237543449436563,1.220478483901084,0.04172673346023459
2025-08-16 22:23:46.512471,1.29103230788234,1.2251834101597734,0.04404722931545642
2025-08-16 22:23:46.612471,1.236538734556932,1.2296425931643795,0.04029713110204776
2025-08-16 22:23:46.712471,1.1213979872173379,1.2265486329561361,0.04574541940998929
2025-08-16 22:23:46.812471,1.19665234135509,1.2231311385371435,0.04529591136300647
2025-08-16 22:23:46.912471,1.141399640370259,1.218744482450687,0.0486279523519705
2025-08-16 22:23:47.012471,1.1740860078816862,1.2131180038312466,0.046929896226911405
2025-08-16 22:23:47.112471,1.275561421663836,1.2139525451919941,0.04787496991858464
2025-08-16 22:23:47.212471,1.2318766905448848,1.2144486630219142,0.04800655090685259
2025-08-16 22:23:47.312471,1.1650534785710627,1.208341500635048,0.04609459484910018
2025-08-16 22:23:47.412471,1.14931413167798,1.2047097243221012,0.047712412348963
2025-08-16 22:23:47.512471,1.201639104643813,1.2027217091122995,0.046964740768398745
2025-08-16 22:23:47.612471,1.1391719925309436,1.2004217361226832,0.0488561638680362
2025-08-16 22:23:47.712471,1.1664429861301708,1.1985775208895437,0.049404749551332026
2025-08-16 22:23:47.812471,1.215600473577562,1.2011011041266726,0.04891839158108758
2025-08-16 22:23:47.912471,1.2577656018053347,1.201515424380452,0.049359483853370294
2025-08-16 22:23:48.012471,1.230438073611222,1.2059830871188004,0.047703581768880315
2025-08-16 22:23:48.112471,1.0854355245700948,1.198298987491261,0.05374269760384048
2025-08-16 22:23:48.212471,1.215218336451513,1.1995365319575995,0.05383300657280806
2025-08-16 22:23:48.312471,1.2036016786616288,1.1967884981570127,0.05212547160862367
2025-08-16 22:23:48.412471,1.2206945142686345,1.1959460513986162,0.05159342643697188
2025-08-16 22:23:48.512471,1.2808104840825603,1.1954349602086274,0.05069170765950484
2025-08-16 22:23:48.612471,1.0968380861597629,1.188449927788769,0.054059686577492966
2025-08-16 22:23:48.712471,1.1704448287404448,1.190902269864924,0.052036975066442524
2025-08-16 22:23:48.812471,1.2295453161396677,1.192546918604153,0.05270818712261517
2025-08-16 22:23:48.912471,1.1209202800273028,1.191522950587005,0.053877834435012685
2025-08-16 22:23:49.012471,1.2737974524026754,1.1965085228130548,0.05657930228352862
2025-08-16 22:23:49.112471,1.2184178306350328,1.1936513432616145,0.05389421879504373
2025-08-16 22:23:49.212471,1.2423291992921701,1.194173968698979,0.05431143071969759
2025-08-16 22:23:49.312471,1.1714528169239102,1.1944939356166213,0.05415756196162184
2025-08-16 22:23:49.412471,1.2406881844983104,1.199062638257638,0.05400743625738369
2025-08-16 22:23:49.512471,1.2534235777994518,1.2016518619154195,0.05529487110380888
2025-08-16 22:23:49.612471,1.2116439010068585,1.2052754573392153,0.053424691528699365
2025-08-16 22:23:49.712471,1.2117200446349348,1.2075393102644536,0.052685398633113945
2025-08-16 22:23:49.812471,1.2135171619640863,1.2074351446837799,0.052671415364607746
2025-08-16 22:23:49.912471,1.1568327367630309,1.2023885014316646,0.052442176032870304
2025-08-16 22:23:50.012471,1.1926235659879822,1.200497776050503,0.05207720958186732
2025-08-16 22:23:50.112471,1.192373873377382,1.2058446934908669,0.044997555885456356
2025-08-16 22:23:50.212471,1.2191696932176748,1.2060422613291752,0.04504692580390279
2025-08-16 22:23:50.312471,1.2499912123455146,1.2083617380133693,0.04604479606728414
2025-08-16 22:23:50.412471,1.1470731959010796,1.2046806720949916,0.0478203136730271
2025-08-16 22:23:50.512471,1.193749548484021,1.2003276253150648,0.04454234438178172
2025-08-16 22:23:50.612471,1.2740727773829486,1.2091893598762238,0.040520405236618255
2025-08-16 22:23:50.712471,1.1628205885593716,1.2088081478671704,0.040917039616388075
2025-08-16 22:23:50.812471,1.1588874991354838,1.2052752570169611,0.04200981866541551
2025-08-16 22:23:50.912471,1.2101153095915596,1.2097350084951741,0.03728697734268151
2025-08-16 22:23:51.012471,1.242219259524266,1.2081560988512536,0.03514807556561153
2025-08-16 22:23:51.112471,1.200571302778033,1.2072637724584037,0.03510273877047294
2025-08-16 22:23:51.212471,1.2664480295218494,1.2084697139698872,0.03666616397327159
2025-08-16 22:23:51.312471,1.2428396991283264,1.2120390580801081,0.03636233798563601
2025-08-16 22:23:51.412471,1.242091003344503,1.2121091990224178,0.03641884199850734
2025-08-16 22:23:51.512471,1.2277058250662045,1.2108233113857556,0.03537650898561064
2025-08-16 22:23:51.612471,1.3163826550173041,1.216060249086278,0.042203992163771846
2025-08-16 22:23:51.712471,1.1897419155566977,1.214961342632366,0.04258708987968067
2025-08-16 22:23:51.812471,1.0998238853966742,1.2092766788039955,0.049437559017646654
2025-08-16 22:23:51.912471,1.2802127180758571,1.2154456778696365,0.050200532095691905
2025-08-16 22:23:52.012471,1.1771150284521588,1.2146702509928455,0.05066469807026073
2025-08-16 22:23:52.112471,1.2053940222171515,1.2153212584348339,0.050457247429259784
2025-08-16 22:23:52.212471,1.2654775342430262,1.2176366504861016,0.05162959282640106
2025-08-16 22:23:52.312471,1.1198870229470537,1.2111314410161786,0.055215085852670376
2025-08-16 22:23:52.412471,1.137417639294693,1.2106486631858593,0.05581205892219646
2025-08-16 22:23:52.512471,1.1199361031440573,1.206957990918861,0.05914832443048498
2025-08-16 22:23:52.612471,1.1602931854987288,1.20126901132465,0.057877631855920576
2025-08-16 22:23:52.712471,1.2219818303008496,1.2042270734117237,0.05734637844518746
2025-08-16 22:23:52.812471,1.2262093921406385,1.2075931680619818,0.05655664235650508
2025-08-16 22:23:52.912471,1.2138137089664276,1.207778088030725,0.056570631035982075
2025-08-16 22:23:53.012471,1.1293617058053815,1.2021352103447807,0.05845118444141104
2025-08-16 22:23:53.112471,1.0844948281683677,1.1963313866142975,0.06383335553060068
2025-08-16 22:23:53.212471,1.2027176792695191,1.193144869101681,0.06181234051951514
2025-08-16 22:23:53.312471,1.1764111983180832,1.1898234440611688,0.060829725928419016
2025-08-16 22:23:53.412471,1.2229692885858305,1.1888673583232352,0.06014714390043054
2025-08-16 22:23:53.512471,1.2350976813110635,1.1892369511354781,0.06040681363689818
2025-08-16 22:23:53.612471,1.206912071602934,1.1837634219647597,0.05316335773422261
2025-08-16 22:23:53.712471,1.2380066542687926,1.1861766589003644,0.05445960141543079
2025-08-16 22:23:53.812471,1.2114605687057534,1.1917584930658183,0.050929510539964515
2025-08-16 22:23:53.912471,1.2265032352800733,1.1890730189260292,0.04749479584075809
2025-08-16 22:23:54.012471,1.1647663368565058,1.1884555843462465,0.04772594126204075
2025-08-16 22:23:54.112471,1.191019429308427,1.1877368547008103,0.04757343826358057
2025-08-16 22:23:54.212471,1.209838804832848,1.1849549182303014,0.0444717551361584
2025-08-16 22:23:54.312471,1.2410264237708708,1.1910118882714924,0.04343453989235171
2025-08-16 22:23:54.412471,1.1803129413887714,1.1931566533761961,0.04176200947459967
2025-08-16 22:23:54.512471,1.2260583627866055,1.1984627663583236,0.038755312870224205
2025-08-16 22:23:54.612471,1.186708060404231,1.1997835101035987,0.03787205727289964
2025-08-16 22:23:54.712471,1.1941228916335935,1.198390563170236,0.037540861471425824
2025-08-16 22:23:54.812471,1.2414759521012035,1.199153891168264,0.038247310821633275
2025-08-16 22:23:54.912471,1.1003469814472921,1.1934805547923073,0.043681401041959424
2025-08-16 22:23:55.012471,1.1351763835962618,1.1937712886818515,0.04327109601069107
2025-08-16 22:23:55.112471,1.125890730127859,1.195841083779826,0.03874822536041112
2025-08-16 22:23:55.212471,1.0833191940075848,1.1898711595167293,0.045787327706401953
2025-08-16 22:23:55.312471,1.166086777992241,1.1893549385004372,0.045993904017896194
2025-08-16 22:23:55.412471,1.2374716949863869,1.190080058820465,0.046628084814649785
2025-08-16 22:23:55.512471,1.1857557966808712,1.1876129645889555,0.04547194063323346
2025-08-16 22:23:55.612471,1.2098895040970925,1.1877618362136633,0.045539704173805255
2025-08-16 22:23:55.712471,1.2544608748355395,1.1885845472420007,0.04657680542272115
2025-08-16 22:23:55.812471,1.2663843066133846,1.1913307341373822,0.04937946709851609
2025-08-16 22:23:55.912471,1.196543103263693,1.189832727536563,0.048740034313910205
2025-08-16 22:23:56.012471,1.2676792944784698,1.1949783754176615,0.05119278713794251
2025-08-16 22:23:56.112471,1.2046063329217054,1.1956577205983252,0.05122588369805246
2025-08-16 22:23:56.212471,1.1581300888086268,1.1930722847971142,0.0517471514409057
2025-08-16 22:23:56.312471,1.1702799823900631,1.1895349627280738,0.050756768169800744
2025-08-16 22:23:56.412471,1.1259731743717492,1.1868179743772227,0.052598671584155134
2025-08-16 22:23:56.512471,1.1555933073133173,1.1832947216035583,0.052210779824163556
2025-08-16 22:23:56.612471,1.1820991655962785,1.1830642768631605,0.05220537662625206
2025-08-16 22:23:56.712471,1.24017925096893,1.1853670948299277,0.053638509891903836
2025-08-16 22:23:56.812471,1.2860384915582992,1.1875952218027823,0.056757832114734195
2025-08-16 22:23:56.912471,1.130890924231148,1.1891224189419751,0.05476563951202026
2025-08-16 22:23:57.012471,1.2196413734129958,1.1933456684328116,0.053688928351410474
2025-08-16 22:23:57.112471,1.1479728030421232,1.194449772078525,0.0525043654686374
2025-08-16 22:23:57.212471,1.22373485442316,1.2014705550993037,0.04618222095478911
2025-08-16 22:23:57.312471,1.1934456674656135,1.2028384995729724,0.04551423532470343
2025-08-16 22:23:57.412471,1.1084547087076235,1.1963876502590343,0.04914645712561404
2025-08-16 22:23:57.512471,1.2464148495784242,1.1994206029039118,0.050255941582219785
2025-08-16 22:23:57.612471,1.1697499643595635,1.1974136259170354,0.0505981141215902
2025-08-16 22:23:57.712471,1.1733049880813222,1.1933558315793245,0.04909221270456729
2025-08-16 22:23:57.812471,1.1465123794355154,1.1873622352204312,0.047086937605503254
2025-08-16 22:23:57.912471,1.1672858361656222,1.1858993718655275,0.04723323402984848
2025-08-16 22:23:58.012471,1.2213945220347457,1.1835851332433411,0.044206562789543276
2025-08-16 22:23:58.112471,1.1905377829531796,1.182881705744915,0.043977810410749066
2025-08-16 22:23:58.212471,1.216433100114124,1.1857968563101902,0.04417241652732456
2025-08-16 22:23:58.312471,1.2180960926964421,1.188187661825509,0.044560181727585954
2025-08-16 22:23:58.412471,1.2660330827764084,1.1951906572457418,0.04523307646439891
2025-08-16 22:23:58.512471,1.182860692456781,1.1965540265029149,0.044422700573063634
2025-08-16 22:23:58.612471,1.1261571091577134,1.1937569236809868,0.04693497299883596
2025-08-16 22:23:58.712471,1.253361120828599,1.1944160171739702,0.04766905367749707
2025-08-16 22:23:58.812471,1.1834255913951373,1.189285372165812,0.042805615783831234
2025-08-16 22:23:58.912471,1.2557296222288687,1.195527307065698,0.04293722548303502
2025-08-16 22:23:59.012471,1.2191688556591236,1.1955036811780047,0.04292407838501711
2025-08-16 22:23:59.112471,1.1934431234898326,1.19777719720039,0.041527830501724705
2025-08-16 22:23:59.212471,1.2174387947023146,1.1974623942143476,0.04135336174546873
2025-08-16 22:23:59.312471,1.297550628006315,1.202667642241383,0.04672346244789384
2025-08-16 22:23:59.412471,1.3038490264526876,1.212437358128636,0.04642967130936968
2025-08-16 22:23:59.512471,1.2034690567566388,1.2102900684875468,0.045797396763432884
2025-08-16 22:23:59.612471,1.2080095296658537,1.2122030467528613,0.04485339569301541
2025-08-16 22:23:59.712471,1.2538120078733193,1.216228397742461,0.044794374518015385
2025-08-16 22:23:59.812471,1.1577169483616325,1.216788626188767,0.04398164909995671
2025-08-16 22:23:59.912471,1.2166535186309126,1.2192570103120315,0.042494318903479114
2025-08-16 22:24:00.012471,1.1987068576023072,1.2181226270904095,0.042724317487567796
2025-08-16 22:24:00.112471,1.2156954105728777,1.2193805084713945,0.04226148869724367
2025-08-16 22:24:00.212471,1.1583315597025297,1.2164754314508146,0.04431149174762331
2025-08-16 22:24:00.312471,1.1205216253345516,1.2115967080827201,0.048989097536732515
2025-08-16 22:24:00.412471,1.0963508282004353,1.2031125953539217,0.05332791206930016
2025-08-16 22:24:00.512471,1.1441307943505197,1.2011761004486086,0.05471336086446511
2025-08-16 22:24:00.612471,1.1770662357530333,1.2037215567783746,0.05229478305935713
2025-08-16 22:24:00.712471,1.185340420667562,1.2003205217703226,0.05115531534826669
2025-08-16 22:24:00.812471,1.2968615581214757,1.2059923201066396,0.05510384417970674
2025-08-16 22:24:00.912471,1.2552996684953648,1.2059708224199643,0.05508451643036661
2025-08-16 22:24:01.012471,1.1518954441829186,1.2026071518461543,0.056218214069312794
2025-08-16 22:24:01.112471,1.2173854226225478,1.20380426680279,0.056265223739846
2025-08-16 22:24:01.212471,1.1796460881824837,1.2019146314767983,0.056410021653869914
2025-08-16 22:24:01.312471,1.1857818080979952,1.1963261904813822,0.05202461992297206
2025-08-16 22:24:01.412471,1.209266282470769,1.1915970532822864,0.04598380829977971
2025-08-16 22:24:01.512471,1.2309585558487697,1.192971528236893,0.046723020185341885
2025-08-16 22:24:01.612471,1.183037075805799,1.1917229055438903,0.04663806545641437
2025-08-16 22:24:01.712471,1.2531925766367178,1.1916919339820602,0.04659701044153427
2025-08-16 22:24:01.812471,1.1429030886928797,1.1909512409986225,0.04724442130908055
2025-08-16 22:24:01.912471,1.2003169531181135,1.1901344127229825,0.046933182406469195
2025-08-16 22:24:02.012471,1.3298836863297916,1.196693254159357,0.055968954277639656
2025-08-16 22:24:02.112471,1.2111539871312638,1.196466182987276,0.05590057087455701
2025-08-16 22:24:02.212471,1.2716607253303085,1.202132641268665,0.05746967513308298
2025-08-16 22:24:02.312471,1.2045760089086603,1.2063353604473703,0.054335819839111225
2025-08-16 22:24:02.412471,1.2290388547664899,1.2129697617756732,0.048262911253253736
2025-08-16 22:24:02.512471,1.1971608402803653,1.2156212640721653,0.045802118579224296
2025-08-16 22:24:02.612471,1.1914796209417897,1.2163419333316035,0.045300454063740836
2025-08-16 22:24:02.712471,1.161025880163729,1.2151262063064117,0.04642835064604307
2025-08-16 22:24:02.812471,1.2215150679478777,1.2113588817977317,0.042537119091392316
2025-08-16 22:24:02.912471,1.1574231405407116,1.206465055399999,0.042829552136941645
2025-08-16 22:24:03.012471,1.2332792618156714,1.2105342462816366,0.04129007364592315
2025-08-16 22:24:03.112471,1.2542643502222954,1.2123781926616242,0.04236436252445941
2025-08-16 22:24:03.212471,1.2183265703618615,1.214312216770593,0.04170369755227128
2025-08-16 22:24:03.312471,1.1856875633222153,1.2143075045318041,0.04170692623086526
2025-08-16 22:24:03.412471,1.2226982789654348,1.2149791043565374,0.04172848197680605
2025-08-16 22:24:03.512471,1.1845663472226793,1.2126594939252329,0.04206382367141778
2025-08-16 22:24:03.612471,1.2467773562732574,1.2158465079486056,0.04211336186144212
2025-08-16 22:24:03.712471,1.1084296957892437,1.2086083639062317,0.04720515493561829
2025-08-16 22:24:03.812471,1.1832196315940677,1.2106241910512914,0.04517336959199294
2025-08-16 22:24:03.912471,1.1004594002438002,1.2056313134075758,0.05115864142177767
2025-08-16 22:24:04.012471,1.1252469584886398,1.195399477015518,0.04542758779766737
2025-08-16 22:24:04.112471,1.2681931114906955,1.1982514332334897,0.04804235121641619
2025-08-16 22:24:04.212471,1.2447592490985842,1.1969063594219036,0.046313722862259106
2025-08-16 22:24:04.312471,1.1640259883357604,1.1948788583932584,0.046818425100772235
2025-08-16 22:24:04.412471,1.1248748271979552,1.1896706570148319,0.048492499614755415
2025-08-16 22:24:04.512471,1.0517735581079175,1.1824012929062095,0.05697941923557059
2025-08-16 22:24:04.612471,1.1728252246033681,1.1814685730892882,0.05697585894374025
2025-08-16 22:24:04.712471,1.3210207506123701,1.1894683166117204,0.06430472714988814
2025-08-16 22:24:04.812471,1.2217442135731824,1.1894797738929856,0.06431045611116079
2025-08-16 22:24:04.912471,1.1720213856975255,1.1902096861508262,0.06402468564660396
2025-08-16 22:24:05.012471,1.2232540104750154,1.1897084235837934,0.06372406185335305
2025-08-16 22:24:05.112471,1.1219520823502778,1.1830928101901927,0.0635465374680337
2025-08-16 22:24:05.212471,1.1851338318651181,1.1814331732653554,0.06303606448007415
2025-08-16 22:24:05.312471,1.204973873650787,1.1823974887817839,0.06324095791269198
2025-08-16 22:24:05.412471,1.1956949674089474,1.1810473232039596,0.06265165020211357
2025-08-16 22:24:05.512471,1.239540306084504,1.1837960211470508,0.06393845641299618
2025-08-16 22:24:05.612471,1.2172322613118025,1.182318766398978,0.06279737738146138
2025-08-16 22:24:05.712471,1.2334163009053998,1.188568096654786,0.06133534577384205
2025-08-16 22:24:05.812471,1.165581385888462,1.1876861843695055,0.06153239806463973
2025-08-16 22:24:05.912471,1.2448907704205274,1.194907752878342,0.05930664043490655
2025-08-16 22:24:06.012471,1.2814468473811995,1.20271774732297,0.05990075973281717
2025-08-16 22:24:06.112471,1.1514925240174294,1.1968827179493067,0.0589143739529453
2025-08-16 22:24:06.212471,1.155615217214272,1.192425516355091,0.05849426494381659
2025-08-16 22:24:06.312471,1.2667892168160115,1.1975636777791037,0.06026068093063875
2025-08-16 22:24:06.412471,1.190432800665247,1.200841576452468,0.057956570524761296
2025-08-16 22:24:06.512471,1.2701910696033278,1.2117624520272385,0.04867342651825044
2025-08-16 22:24:06.612471,1.1778732144053907,1.21201485151734,0.04848357846613135
2025-08-16 22:24:06.712471,1.2727522788135355,1.209601427927398,0.043990569663386485
2025-08-16 22:24:06.812471,1.2065742908402726,1.2088429317907525,0.04390536093354877
2025-08-16 22:24:06.912471,1.2129114411661348,1.210887434564183,0.04308755101774439
2025-08-16 22:24:07.012471,1.2782359010834952,1.213636529094607,0.045476628273287245
2025-08-16 22:24:07.112471,1.1819114761277913,1.2166344987834827,0.0410993668734448
2025-08-16 22:24:07.212471,1.152943895203752,1.2150250019504145,0.042892627871754185
2025-08-16 22:24:07.312471,1.1775717895985822,1.2136548977478043,0.04362323047399819
2025-08-16 22:24:07.412471,1.2226166975321568,1.2150009842539649,0.04346334117374562
2025-08-16 22:24:07.512471,1.1217120463909742,1.209109571269288,0.04753299548329026
2025-08-16 22:24:07.612471,1.231873545132556,1.2098416354603259,0.04776463924558347
2025-08-16 22:24:07.712471,1.1730614341191128,1.2068238921210115,0.04808539180865018
2025-08-16 22:24:07.812471,1.2573906330366782,1.2114143544784224,0.048310817722960545
2025-08-16 22:24:07.912471,1.0802869847549763,1.2031841651951447,0.0554065422737744
2025-08-16 22:24:08.012471,1.1606717112447915,1.1971454083883244,0.05308042397023495
2025-08-16 22:24:08.112471,1.1156765924382948,1.1953546118093676,0.05515408926379405
2025-08-16 22:24:08.212471,1.1586885266818023,1.1955082772827441,0.05504733476954821
2025-08-16 22:24:08.312471,1.2123832950554472,1.192787981194716,0.0527541348960283
2025-08-16 22:24:08.412471,1.1910386687275123,1.1928182745978293,0.05275294770794477
2025-08-16 22:24:08.512471,1.1873311215525992,1.1886752771952929,0.049677832445454664
2025-08-16 22:24:08.612471,1.192040756430997,1.1893836542965732,0.04961972725498901
2025-08-16 22:24:08.712471,1.2101694120309971,1.1862545109574463,0.04611303290133808
2025-08-16 22:24:08.812471,1.1495731979028445,1.183404456310575,0.04652870356581934
2025-08-16 22:24:08.912471,1.2353424820449526,1.1845260083545157,0.04748691603615205
2025-08-16 22:24:09.012471,1.2331332985192742,1.1822708782263047,0.043920129961369604
2025-08-16 22:24:09.112471,1.219251896882805,1.1841378992640552,0.0446527197023697
2025-08-16 22:24:09.212471,1.227826672137563,1.1878820381107458,0.04501809581056309
2025-08-16 22:24:09.312471,1.2148209000404329,1.1897444936328383,0.04532251386145164
2025-08-16 22:24:09.412471,1.3017536651365533,1.1937013420130582,0.05110525657116834
2025-08-16 22:24:09.512471,1.1956452914473745,1.1973980042658783,0.048364738706577245
2025-08-16 22:24:09.612471,1.184645839083271,1.195036618963414,0.04777315720724895
2025-08-16 22:24:09.712471,1.162323620982131,1.194499728306565,0.04807647940906468
2025-08-16 22:24:09.812471,1.148386866471108,1.1890495399782863,0.04679957078863759
2025-08-16 22:24:09.912471,1.1377764106199462,1.1919240112715348,0.04149601498408815
2025-08-16 22:24:10.012471,1.155560134338454,1.191668432426218,0.041702939985636844
2025-08-16 22:24:10.112471,1.1964659809173963,1.1957079018501733,0.037884439108390094
2025-08-16 22:24:10.212471,1.2167147564248857,1.1986092133373272,0.03715313995176119
2025-08-16 22:24:10.312471,1.202557102927608,1.1981179037309353,0.03703251879629308
2025-08-16 22:24:10.412471,1.1617232361285144,1.1966521321009855,0.03785474573959628
2025-08-16 22:24:10.512471,1.2450092282009981,1.1995360374334054,0.03920766813165844
2025-08-16 22:24:10.612471,1.2369706336150474,1.2017825312926078,0.03999316183251471
2025-08-16 22:24:10.712471,1.1920175846288992,1.200874939922503,0.03999849987196866
2025-08-16 22:24:10.812471,1.1673541927667643,1.2017639896656989,0.03903432041605655
2025-08-16 22:24:10.912471,1.22742139604149,1.2013679353655258,0.038730616815487555
2025-08-16 22:24:11.012471,1.2093986793743052,1.2001812044082774,0.03809757310112397
2025-08-16 22:24:11.112471,1.1275936370292476,1.1955982914155996,0.04093513363877517
2025-08-16 22:24:11.212471,1.1966009872007797,1.1940370071687603,0.04026616943873408
2025-08-16 22:24:11.312471,1.213101790603719,1.1939510516969247,0.04022352298284847
2025-08-16 22:24:11.412471,1.1550152606756123,1.1866141314738776,0.0325396837829509
2025-08-16 22:24:11.512471,1.2094921696418721,1.1873064753836025,0.03287010525694391
2025-08-16 22:24:11.612471,1.1272588757371105,1.1844371272162946,0.03538562451881371
2025-08-16 22:24:11.712471,1.2668093050006084,1.1896614114172182,0.039238472229720774
2025-08-16 22:24:11.812471,1.2623974992529716,1.1953619430563116,0.04106712995342348
2025-08-16 22:24:11.912471,1.1873741332848518,1.197841829189557,0.038958245665401584
2025-08-16 22:24:12.012471,1.2181727168919536,1.2009724583172319,0.037937108882399366
2025-08-16 22:24:12.112471,1.079503901710006,1.1951243543568622,0.04627892615119871
2025-08-16 22:24:12.212471,1.1421826169867333,1.1913977473849546,0.047378112150026276
2025-08-16 22:24:12.312471,1.1853110539923934,1.190535444938194,0.04732407184939987
2025-08-16 22:24:12.412471,1.146393348928657,1.189768950578201,0.047905107514589595
2025-08-16 22:24:12.512471,1.2357198241315328,1.189304480374728,0.04740973864975426
2025-08-16 22:24:12.612471,1.2998648265373998,1.1924491900208456,0.05230076977467574
2025-08-16 22:24:12.712471,1.141169264028535,1.1899067739908271,0.053482509908212614
2025-08-16 22:24:12.812471,1.1581268297957403,1.1894454058422759,0.053714367744322436
2025-08-16 22:24:12.912471,1.2117724184154965,1.1886629569609763,0.05326759858358696
2025-08-16 22:24:13.012471,1.280555807424981,1.1922208133635102,0.056793441573838234
2025-08-16 22:24:13.112471,1.1388812843730047,1.1927851957306979,0.0562014070103591
2025-08-16 22:24:13.212471,1.212451806115347,1.1935777366764264,0.056361163878749954
2025-08-16 22:24:13.312471,1.2910649425406553,1.1974758942732733,0.06014576869897332
2025-08-16 22:24:13.412471,1.1174120425910365,1.1955957333690441,0.062002776021712315
2025-08-16 22:24:13.512471,1.1359465396577084,1.1919184518698362,0.06323818153331565
2025-08-16 22:24:13.612471,1.178819669676958,1.1944964915668286,0.061578869593594814
2025-08-16 22:24:13.712471,1.1739705793572295,1.1898545552846598,0.059413955534399564
2025-08-16 22:24:13.812471,1.2406300643876822,1.1887661835413952,0.058263343874567865
2025-08-16 22:24:13.912471,1.2120829859910418,1.1900016261767046,0.05848228530562876
2025-08-16 22:24:14.012471,1.1112518970178935,1.1846555851830016,0.060514403366368597
2025-08-16 22:24:14.112471,1.2257705201450404,1.1919689161047535,0.05603736496841113
2025-08-16 22:24:14.212471,1.1711230556322174,1.1934159380370275,0.055098875815020085
2025-08-16 22:24:14.312471,1.263722360847062,1.197336503379761,0.057134757202780606
2025-08-16 22:24:14.412471,1.168620623178154,1.1984478670922358,0.05634372361528379
2025-08-16 22:24:14.512471,1.168169235844888,1.1950703376779035,0.056032020509031104
2025-08-16 22:24:14.612471,1.2270565805402265,1.191429925378045,0.05126788919457999
2025-08-16 22:24:14.712471,1.2381463241168469,1.1962787783824607,0.05086943560332614
2025-08-16 22:24:14.812471,1.22240496819681,1.199492685302514,0.0503857183294311
2025-08-16 22:24:14.912471,1.1157201341307594,1.194690071088277,0.05346969171883147
2025-08-16 22:24:15.012471,1.2269017219964125,1.1920073668168487,0.05034922362041036
2025-08-16 22:24:15.112471,1.14828459741628,1.1924775324690127,0.049892767610635456
2025-08-16 22:24:15.212471,1.211763805579413,1.1924431324422158,0.04987921924636096
2025-08-16 22:24:15.312471,1.1288132782300468,1.1843305492266853,0.0462411867515971
2025-08-16 22:24:15.412471,1.2223161073771531,1.1895757524659913,0.04426032083093535
2025-08-16 22:24:15.512471,1.1596700547846313,1.1907619282223374,0.04311011367998268
2025-08-16 22:24:15.612471,1.1358682674869738,1.188614358112838,0.04469233342100225
2025-08-16 22:24:15.712471,1.23569100682412,1.1917003794861825,0.045694306741424745
2025-08-16 22:24:15.812471,1.2120822260838375,1.1902729875709903,0.0445757501474554
2025-08-16 22:24:15.912471,1.169301159930355,1.188133896267956,0.04450425671529568
2025-08-16 22:24:16.012471,1.2725589424510533,1.196199248539614,0.04445690372969757
2025-08-16 22:24:16.112471,1.1779673789215128,1.1938090914784376,0.04408628456475979
2025-08-16 22:24:16.212471,1.2016053836985467,1.1953332078817542,0.04380164213145884
2025-08-16 22:24:16.312471,1.21344567238393,1.1928193734585977,0.04116811565103329
2025-08-16 22:24:16.412471,1.1690167032935692,1.1928391774643683,0.04115656367641376
2025-08-16 22:24:16.512471,1.2235568146699964,1.1956085564056238,0.04126671339869264
2025-08-16 22:24:16.612471,1.1733273826417638,1.1929220965107006,0.04087906789640684
2025-08-16 22:24:16.712471,1.1794180838891895,1.1899856844993177,0.039614795926445345
2025-08-16 22:24:16.812471,1.268132131990167,1.1922720426889855,0.0426250804987103
2025-08-16 22:24:16.912471,1.1479706973743784,1.1938845708511665,0.040241992558601794
2025-08-16 22:24:17.012471,1.0793609834535254,1.1865075339240223,0.046543240984013495
2025-08-16 22:24:17.112471,1.2805468497505947,1.1931206465407378,0.049916530579632135
2025-08-16 22:24:17.212471,1.32746639763035,1.1989057761432849,0.05782086970492256
2025-08-16 22:24:17.312471,1.1797365367275334,1.201451939068159,0.055762846964593625
2025-08-16 22:24:17.412471,1.1031580979689908,1.195494038597751,0.059458530149352956
2025-08-16 22:24:17.512471,1.1844758011902028,1.1967343259180294,0.05895490379816589
2025-08-16 22:24:17.612471,1.1856888525079665,1.199225355169079,0.05736150037976168
2025-08-16 22:24:17.712471,1.190503807948887,1.1969659952253175,0.05676753561875206
2025-08-16 22:24:17.812471,1.1443305979039076,1.193578413816321,0.05777695581470548
2025-08-16 22:24:17.912471,1.2289780571238238,1.1965622586759945,0.05798672932292848
2025-08-16 22:24:18.012471,1.2262253687643043,1.1942455799916571,0.05578811688172807
2025-08-16 22:24:18.112471,1.1252797190090347,1.191611196996033,0.05770562813964885
2025-08-16 22:24:18.212471,1.2349598365847443,1.193278919640343,0.058447577019842795
2025-08-16 22:24:18.312471,1.3026342490972944,1.1977383484760113,0.06303829996256993
2025-08-16 22:24:18.412471,1.2085980166218528,1.1997174141424254,0.0627260754054608
2025-08-16 22:24:18.512471,1.1831337418965746,1.1976962605037542,0.06257643751543092
2025-08-16 22:24:18.612471,1.192899839279624,1.1986748833356473,0.06234028394137183
2025-08-16 22:24:18.712471,1.230762838348428,1.201242121058609,0.06255126632582048
2025-08-16 22:24:18.812471,1.1134664197246391,1.193508835445333,0.06335907371244884
2025-08-16 22:24:18.912471,1.2082195351488652,1.1965212773340572,0.06254943284240472
2025-08-16 22:24:19.012471,1.1804768025268595,1.2015770682877238,0.056686992001892623
2025-08-16 22:24:19.112471,1.2923912506478021,1.2021692883325843,0.057563997466410395
2025-08-16 22:24:19.212471,1.1912913633097522,1.1953605366165543,0.04988188936982699
2025-08-16 22:24:19.312471,1.283394380555976,1.2005434288079766,0.05326005004641544
2025-08-16 22:24:19.412471,1.1448129651108996,1.202626172165072,0.05013376314539715
2025-08-16 22:24:19.512471,1.2293629583401395,1.2048705300225688,0.05027552141299553
2025-08-16 22:24:19.612471,1.2159700131895614,1.2063845880566486,0.05013081657357099
2025-08-16 22:24:19.712471,1.156547637606761,1.2046867795395422,0.051203440697261085
2025-08-16 22:24:19.812471,1.208869805731847,1.2079137399309392,0.04929615114991111
2025-08-16 22:24:19.912471,1.26062594184158,1.209496134166827,0.050441551178075396
2025-08-16 22:24:20.012471,1.1838104147856698,1.2073753864678953,0.05058504679194611
2025-08-16 22:24:20.112471,1.1154018675415118,1.2068814938945192,0.05142542666306853
2025-08-16 22:24:20.212471,1.1991218586761276,1.2050895949990883,0.05103875523905171
2025-08-16 22:24:20.312471,1.1548788452603742,1.1977018248072422,0.04691144189058293
2025-08-16 22:24:20.412471,1.182882953066806,1.1964160716294898,0.04694756455024448
2025-08-16 22:24:20.512471,1.195920611515744,1.1970554151104484,0.04684929366588413
2025-08-16 22:24:20.612471,1.1147173891992241,1.1931462926064282,0.05017657982828634
2025-08-16 22:24:20.712471,1.119217083033966,1.1875690048407053,0.051856621565284707
2025-08-16 22:24:20.812471,1.224103341776276,1.1931008509432872,0.049504404971521594
2025-08-16 22:24:20.912471,1.173864065191516,1.1913830774454197,0.049546032449551504
2025-08-16 22:24:21.012471,1.0717627829089715,1.1859473764645252,0.05598898005820137
2025-08-16 22:24:21.112471,1.2392422018304068,1.1832899240236556,0.051992363261001186
2025-08-16 22:24:21.212471,1.213618487763712,1.1844062802463537,0.05239035716276642
2025-08-16 22:24:21.312471,1.1643062587981758,1.1784518741584633,0.04732402048376894
2025-08-16 22:24:21.412471,1.134158489447088,1.1779191503752728,0.04775767484376712
2025-08-16 22:24:21.512471,1.2417903948157167,1.1785405221990517,0.04849807138394107
2025-08-16 22:24:21.612471,1.2174675311280214,1.1786153980959748,0.04855692106156728
2025-08-16 22:24:21.712471,1.3191301141342036,1.186744521922347,0.05704876771070117
2025-08-16 22:24:21.812471,1.2210094299362468,1.1873515031325668,0.05734475789466276
2025-08-16 22:24:21.912471,1.2193851570631007,1.185289463893643,0.0553806810447076
2025-08-16 22:24:22.012471,1.1916536034945717,1.185681623329088,0.055396586341422194
2025-08-16 22:24:22.112471,1.2408387933600395,1.1919534696200145,0.054171940974998764
2025-08-16 22:24:22.212471,1.2312542600624077,1.1935600896893284,0.05483316767558197
2025-08-16 22:24:22.312471,1.2625862504282597,1.1989454599477227,0.056045451861036134
2025-08-16 22:24:22.412471,1.1739338540681357,1.1984980049977891,0.05620739518465797
2025-08-16 22:24:22.512471,1.1782296263528018,1.197613455739642,0.05637993487794203
2025-08-16 22:24:22.612471,1.176044841454401,1.200679828352401,0.05337571338686092
2025-08-16 22:24:22.712471,1.2395400860589494,1.2066959785036502,0.050561544227051926
2025-08-16 22:24:22.812471,1.2749187220148366,1.209236747515578,0.052607799509735834
2025-08-16 22:24:22.912471,1.177057975342535,1.209396443023129,0.05250492741438379
2025-08-16 22:24:23.012471,1.1787613136103454,1.2147463695581977,0.04275418139486505
2025-08-16 22:24:23.112471,1.2157038611934898,1.2135694525263518,0.0423860642501913
2025-08-16 22:24:23.212471,1.1877119249993549,1.2122741243881339,0.042758987755832416
2025-08-16 22:24:23.312471,1.2476026826569944,1.2164389455810751,0.04193262266230517
2025-08-16 22:24:23.412471,1.0874111354690477,1.214101577882173,0.04740028134530228
2025-08-16 22:24:23.512471,1.1586647476541552,1.2099452955240948,0.04842355384212589
2025-08-16 22:24:23.612471,1.1608791833019276,1.2071158781327902,0.04954169891044214
2025-08-16 22:24:23.712471,1.0839821993806926,1.1953584823951147,0.04946594045606302
2025-08-16 22:24:23.812471,1.1518180777815596,1.1918989147873804,0.049967994190061135
2025-08-16 22:24:23.912471,1.1542421942077037,1.1886417666446105,0.05019281008145324
2025-08-16 22:24:24.012471,1.1899447672740584,1.1885563248335846,0.050189064705782674
2025-08-16 22:24:24.112471,1.2556482945830132,1.1892967998947335,0.051056710697096254
2025-08-16 22:24:24.212471,1.1877469674404648,1.1871214352636363,0.05014134194229811
2025-08-16 22:24:24.312471,1.1484593139864423,1.1814150884415455,0.04766112506447511
2025-08-16 22:24:24.412471,1.1971522729393236,1.1825760093851048,0.04774745658548431
2025-08-16 22:24:24.512471,1.2524586810720675,1.1862874621210682,0.050092709717120015
2025-08-16 22:24:24.612471,1.1512020591942547,1.1850453230080609,0.05063635421560643
2025-08-16 22:24:24.712471,1.1544712558039276,1.1807918814953096,0.049438884724652424
2025-08-16 22:24:24.812471,1.2279274479637112,1.1784423177927534,0.045899649772416826
2025-08-16 22:24:24.912471,1.18892319421346,1.1790355787362998,0.045954570055759654
2025-08-16 22:24:25.012471,1.2323742345354736,1.1817162247825561,0.04740130267028104
2025-08-16 22:24:25.112471,1.1993176604102351,1.1808969147433934,0.046946190274259655
2025-08-16 22:24:25.212471,1.2350831824044783,1.1832654776136495,0.04840268642450683
2025-08-16 22:24:25.312471,1.148246094297968,1.1782976481956982,0.04661002882142768
2025-08-16 22:24:25.412471,1.1993957674605866,1.1838968797952751,0.04183756702144415
2025-08-16 22:24:25.512471,1.189465499281842,1.1854369173766597,0.04144547924746102
2025-08-16 22:24:25.612471,1.1392054537947933,1.1843532309013027,0.042346979464616546
2025-08-16 22:24:25.712471,1.1218261026065655,1.1862454260625965,0.03848962402339104
2025-08-16 22:24:25.812471,1.234287451763733,1.190368894761705,0.038994715789959666
2025-08-16 22:24:25.912471,1.182452380889101,1.191779404095775,0.03816379118886211
2025-08-16 22:24:26.012471,1.1488859859176335,1.1897264650279538,0.03929483898208187
2025-08-16 22:24:26.112471,1.1951910531538334,1.1867036029564946,0.03632017870412569
2025-08-16 22:24:26.212471,1.2564009428674652,1.1901363017278448,0.03937262360201256
2025-08-16 22:24:26.312471,1.0859631077314038,1.1870114914150929,0.044678777980448614
2025-08-16 22:24:26.412471,1.1251680655048337,1.1834122810433683,0.04657604084125287
2025-08-16 22:24:26.512471,1.1538556779052365,1.1784821308850266,0.04416254715785016
2025-08-16 22:24:26.612471,1.2730589433360164,1.1845749750921148,0.04819996242772715
2025-08-16 22:24:26.712471,1.2141293491459648,1.1875578797592168,0.04809053974866516
2025-08-16 22:24:26.812471,1.2383658620230613,1.1880798004621842,0.048579986242618986
2025-08-16 22:24:26.912471,1.1429919540436884,1.1857832384536955,0.04956158790188345
2025-08-16 22:24:27.012471,1.1440232062364737,1.181365687038746,0.0491476876729408
2025-08-16 22:24:27.112471,1.2223906858361355,1.1825193383100407,0.04982171365239196
2025-08-16 22:24:27.212471,1.2029137165467723,1.1809108650171554,0.04860313377562125
2025-08-16 22:24:27.312471,1.2274369409432062,1.1848704073494172,0.049004806520146084
2025-08-16 22:24:27.412471,1.1906164504535774,1.1844314414990669,0.04891196088186368
2025-08-16 22:24:27.512471,1.2139071863227313,1.1856535258511112,0.04932606123443192
2025-08-16 22:24:27.612471,1.2079059542452555,1.1890885508736342,0.048354402887244505
2025-08-16 22:24:27.712471,1.2388883694542463,1.1949416642160184,0.04692204803684799
2025-08-16 22:24:27.812471,1.2403504140972235,1.195244812332693,0.04719406606336039
2025-08-16 22:24:27.912471,1.1190064002804114,1.1920725133022585,0.049996488366234715
2025-08-16 22:24:28.012471,1.0876365722329573,1.1890100426180248,0.05424352131119089
2025-08-16 22:24:28.112471,1.2500872698825753,1.1917548534544617,0.05585191811982733
2025-08-16 22:24:28.212471,1.2593862546630967,1.1919041190442434,0.056028197856972606
2025-08-16 22:24:28.312471,1.148968849024333,1.19505440610889,0.05157743327459375
2025-08-16 22:24:28.412471,1.1070082296727186,1.194146414317284,0.05294155837526609
2025-08-16 22:24:28.512471,1.20495174105036,1.1967012174745402,0.052162746920465755
2025-08-16 22:24:28.612471,1.2465419113175265,1.1953753658736157,0.050516075728638886
2025-08-16 22:24:28.712471,1.2898797261217156,1.1991628847224034,0.054465555343334415
2025-08-16 22:24:28.812471,1.2258148786050724,1.1985353355515038,0.05408119514517243
2025-08-16 22:24:28.912471,1.1814141651707153,1.2004564461078553,0.05273981764146293
2025-08-16 22:24:29.012471,1.155343468920757,1.2010224592420693,0.0521889978961256
2025-08-16 22:24:29.112471,1.2005725645835328,1.1999315531794392,0.05195845927503756
2025-08-16 22:24:29.212471,1.1850367648057372,1.1990377055923875,0.05205315166101137
2025-08-16 22:24:29.312471,1.1492466047135592,1.195128188780905,0.05270557972412123
2025-08-16 22:24:29.412471,1.3024377825431643,1.2007192553853845,0.05763130889381512
2025-08-16 22:24:29.512471,1.2892584201036066,1.2044868170744283,0.060748961736503834
2025-08-16 22:24:29.612471,1.2568024341777715,1.2069316410710542,0.061811979845206956
2025-08-16 22:24:29.712471,1.1539574801095436,1.202685096603819,0.06238540834604673
2025-08-16 22:24:29.812471,1.242750966214864,1.202805124209701,0.06246002446499151
2025-08-16 22:24:29.912471,1.231981320474895,1.2084538702194252,0.059672418582636465
2025-08-16 22:24:30.012471,1.2221272812102026,1.2151784056682873,0.052868566239940594
2025-08-16 22:24:30.112471,1.2624832633521887,1.215798205341768,0.05334470154213884
2025-08-16 22:24:30.212471,1.2317685571430639,1.2144173204657664,0.052550043237185096
2025-08-16 22:24:30.312471,1.2370007118152166,1.2188189136053107,0.050531756150019876
2025-08-16 22:24:30.412471,1.2318453141686105,1.225060767830105,0.043564900309189095
2025-08-16 22:24:30.512471,1.2170395704001054,1.2256651592975927,0.04336511942117468
2025-08-16 22:24:30.612471,1.1108194435142908,1.2188790359074306,0.04972089193377442
2025-08-16 22:24:30.712471,1.2041810538705278,1.2145941022948712,0.04703778344988882
2025-08-16 22:24:30.812471,1.1721904020575438,1.2119128784674948,0.04784320755663037
2025-08-16 22:24:30.912471,1.1360079521179989,1.209642567814859,0.05025323388017429
2025-08-16 22:24:31.012471,1.2840908309650412,1.2160799359170733,0.05112392194071652
2025-08-16 22:24:31.112471,1.2864497670442852,1.2203737960401109,0.05320516787121413
2025-08-16 22:24:31.212471,1.2679610300147806,1.2245200093005628,0.053520003333781506
2025-08-16 22:24:31.312471,1.2127606708427936,1.2276957126070247,0.05077317692935515
2025-08-16 22:24:31.412471,1.2675312560476328,1.225950386282248,0.04873288424322049
2025-08-16 22:24:31.512471,1.2006026590300913,1.2215175982285724,0.04676509813162458
2025-08-16 22:24:31.612471,1.210139863844889,1.2191844697119283,0.04610588437686104
2025-08-16 22:24:31.712471,1.1453264314769007,1.218752917280296,0.04675028148191292
2025-08-16 22:24:31.812471,1.219849565224942,1.2176078472307998,0.04642781975736383
2025-08-16 22:24:31.912471,1.2030192964212207,1.2161597460281164,0.046408586537517955
2025-08-16 22:24:32.012471,1.1348673941582768,1.2117967516755201,0.049632277144097584
2025-08-16 22:24:32.112471,1.19744014440917,1.2085445957283691,0.048318070134438014
2025-08-16 22:24:32.212471,1.1960135218071595,1.2067568439615737,0.04808662617223385
2025-08-16 22:24:32.312471,1.289878058332232,1.2094007112874245,0.05103974744232858
2025-08-16 22:24:32.412471,1.2447106664256704,1.2100439789002775,0.05139838190472033
2025-08-16 22:24:32.512471,1.2005722719545733,1.2092206139780008,0.05141161813471627
2025-08-16 22:24:32.612471,1.212439365490054,1.2143016100767894,0.04619216880064642
2025-08-16 22:24:32.712471,1.2022106189052097,1.2142030883285233,0.04621574485445286
2025-08-16 22:24:32.812471,1.1898543007602225,1.2150862832636573,0.04556868356202061
2025-08-16 22:24:32.912471,1.1458786401305856,1.2155798176642865,0.04475574952934621
2025-08-16 22:24:33.012471,1.1924474061196535,1.2109976464220171,0.04212063981777557
2025-08-16 22:24:33.112471,1.1626950871673742,1.2048099124281717,0.0395962874886992
2025-08-16 22:24:33.212471,1.1374842230538427,1.198286072080125,0.03940228076984164
2025-08-16 22:24:33.312471,1.2255610907273766,1.198926093074354,0.03973475474488002
2025-08-16 22:24:33.412471,1.2195632329966617,1.1965276919218053,0.03686542505419334
2025-08-16 22:24:33.512471,1.110664624431596,1.1920307901918805,0.04131138450055212
2025-08-16 22:24:33.612471,1.1938657681252436,1.191217085405898,0.04110644479453333
2025-08-16 22:24:33.712471,1.249785069294996,1.196440017296803,0.04157732094602945
2025-08-16 22:24:33.812471,1.252961186944816,1.1980955983827968,0.04310759158809302
2025-08-16 22:24:33.912471,1.2512918421442618,1.200509225668949,0.044639878284412494
2025-08-16 22:24:34.012471,1.2019456603450729,1.2038631389782886,0.042025357390339656
2025-08-16 22:24:34.112471,1.1577477336015425,1.201878518437907,0.04320255470209833
2025-08-16 22:24:34.212471,1.145815058632097,1.1993685952791542,0.04489539715294757
2025-08-16 22:24:34.312471,1.2172302452375179,1.1957362046244184,0.04010930322887944
2025-08-16 22:24:34.412471,1.2189640017182581,1.194448871389048,0.03891208823878279
2025-08-16 22:24:34.512471,1.2643665555802532,1.1976385855703318,0.0417914544010293
2025-08-16 22:24:34.612471,1.2549989825171042,1.1997665664216843,0.043537971485044645
2025-08-16 22:24:34.712471,1.1933885671734414,1.1993254638350959,0.0435556616714071
2025-08-16 22:24:34.812471,1.1377897060569564,1.1967222340999324,0.04555399199133903
2025-08-16 22:24:34.912471,1.1840446701494551,1.1986305356008762,0.04416228085967049
2025-08-16 22:24:35.012471,1.2108615597405261,1.1995512432819198,0.04421569507720812
2025-08-16 22:24:35.112471,1.1898958377305298,1.2009112808100775,0.04347321611893649
2025-08-16 22:24:35.212471,1.1711052945961171,1.2025923343871912,0.041597654218998255
2025-08-16 22:24:35.312471,1.212644240748495,1.2019464918882472,0.04133547600637953
2025-08-16 22:24:35.412471,1.1748021129294695,1.1997084358848875,0.04153234966972894
2025-08-16 22:24:35.512471,1.1685966958137313,1.2026050394539942,0.036993279895926774
2025-08-16 22:24:35.612471,1.215572641715172,1.2036903831334906,0.03703935715975766
2025-08-16 22:24:35.712471,1.1799003709935396,1.2001961482184178,0.03580176714117514
2025-08-16 22:24:35.812471,1.2122052194489175,1.198158349843623,0.03384696932098423
2025-08-16 22:24:35.912471,1.213660201142606,1.1962767677935402,0.03182662330009471
2025-08-16 22:24:36.012471,1.1430285499454211,1.1933309122735576,0.03382924332590815
2025-08-16 22:24:36.112471,1.1759379438067294,1.194240422783817,0.033096950494258676
2025-08-16 22:24:36.212471,1.2718888469958232,1.200544112202003,0.03521199690741122
2025-08-16 22:24:36.312471,1.1418960243632856,1.1967774011582917,0.037198859830560004
2025-08-16 22:24:36.412471,1.0941672775514735,1.1905375649499523,0.042972656747013734
2025-08-16 22:24:36.512471,1.1069077423378744,1.1826646242878334,0.04314889803760122
2025-08-16 22:24:36.612471,1.2014554973288334,1.17998745002842,0.040133552251254194
2025-08-16 22:24:36.712471,1.201545863901635,1.1803953148648296,0.04030873882893243
2025-08-16 22:24:36.812471,1.194119457228744,1.1832118024234188,0.03918568020206088
2025-08-16 22:24:36.912471,1.260709491446425,1.1870450434882673,0.042674157315638235
2025-08-16 22:24:37.012471,1.066358278344853,1.1798198794184838,0.049686860924029845
2025-08-16 22:24:37.112471,1.2197966937215412,1.1813149222180344,0.05041210204709933
2025-08-16 22:24:37.212471,1.2780719100901785,1.1866632529927374,0.05454960404097498
2025-08-16 22:24:37.312471,1.1436109617554142,1.1832115890430832,0.054978811553240366
2025-08-16 22:24:37.412471,1.1810096744105052,1.183521967117135,0.054947973959328586
2025-08-16 22:24:37.512471,1.1623554041385689,1.183209902533377,0.055049481752082685
2025-08-16 22:24:37.612471,1.1552826976961235,1.1801954053324246,0.05484512140502534
2025-08-16 22:24:37.712471,1.1836868997488479,1.1803847317701899,0.05485031150168495
2025-08-16 22:24:37.812471,1.2713742641842252,1.1833431840069553,0.05799251512768956
2025-08-16 22:24:37.912471,1.291869333774376,1.1872536406385439,0.062376119809865176
2025-08-16 22:24:38.012471,1.1832030387479926,1.1892623650786724,0.06156113047289935
2025-08-16 22:24:38.112471,1.2952530107032234,1.1952281184234972,0.06562778687426486
2025-08-16 22:24:38.212471,1.2017788238492313,1.1917226172661677,0.06326942463359864
2025-08-16 22:24:38.312471,1.287684551335054,1.199012043614756,0.06546895851066942
2025-08-16 22:24:38.412471,1.1953350675173253,1.2040704331130485,0.06092332872778027
2025-08-16 22:24:38.512471,1.2065528913023071,1.2090526905612702,0.05670192060232448
2025-08-16 22:24:38.612471,1.2182737236321417,1.2098936018764355,0.05670772587087669
2025-08-16 22:24:38.712471,1.3589426839683767,1.2177634428797728,0.06527732365214166
2025-08-16 22:24:38.812471,1.2425642787422395,1.2201856839554475,0.0652538420436554
2025-08-16 22:24:38.912471,1.1646367735024268,1.2153820480582476,0.06562898831745792
2025-08-16 22:24:39.012471,1.2484498935137929,1.2244866288166947,0.05628979161411107
2025-08-16 22:24:39.112471,1.181908373145783,1.2225922127879068,0.05704820282979077
2025-08-16 22:24:39.212471,1.1755124908549395,1.2174642418261448,0.05643692523650569
2025-08-16 22:24:39.312471,1.2454300679946055,1.2225551971381043,0.0540887948374387
2025-08-16 22:24:39.412471,1.2015542793885576,1.2235824273870068,0.05348170649262203
2025-08-16 22:24:39.512471,1.2139287957255902,1.226161096966358,0.051680417993501086
2025-08-16 22:24:39.612471,1.2006992610932645,1.2284319251362148,0.04946652225042575
2025-08-16 22:24:39.712471,1.2168291563302718,1.2300890379652862,0.048485215767035676
2025-08-16 22:24:39.812471,1.2212482948718075,1.2275827394996655,0.04757330194239215
2025-08-16 22:24:39.912471,1.1031516533647292,1.218146855479183,0.05236124139206304
2025-08-16 22:24:40.012471,1.2333286334304767,1.2206531352133072,0.05182556284994111
2025-08-16 22:24:40.112471,1.1508990290084848,1.2134354361285704,0.05097860806359343
2025-08-16 22:24:40.212471,1.1278850432220293,1.2097407470972104,0.05426156474793769
2025-08-16 22:24:40.312471,1.197079437807066,1.2052104914208108,0.0512644886748588
2025-08-16 22:24:40.412471,1.2041990501657227,1.205653690553231,0.05121548910662378
2025-08-16 22:24:40.512471,1.165324691771386,1.2035922805766845,0.05196208129373984
2025-08-16 22:24:40.612471,1.2415515928833987,1.2047561740392474,0.05253543066745945
2025-08-16 22:24:40.712471,1.1328912416814547,1.1934536019249014,0.041252609274427865
2025-08-16 22:24:40.812471,1.179652812561372,1.190308028615858,0.03975944291594138
2025-08-16 22:24:40.912471,1.17075629325335,1.1906140046034042,0.03958386704846284
2025-08-16 22:24:41.012471,1.197670636483033,1.1880750417518662,0.03735875397440826
2025-08-16 22:24:41.112471,1.2139432142323618,1.189676783806195,0.03774476981253085
2025-08-16 22:24:41.212471,1.1496053525188228,1.1883814268893893,0.038642519576102895
2025-08-16 22:24:41.312471,1.2362141338728114,1.1879206301832996,0.038009248951480966
2025-08-16 22:24:41.412471,1.203150118416735,1.1880004221347085,0.038039449064887404
2025-08-16 22:24:41.512471,1.1054026873344045,1.1825741167151491,0.04153384350752339
2025-08-16 22:24:41.612471,1.1020704279801483,1.1776426750594935,0.044814698389758184
2025-08-16 22:24:41.712471,1.1993840353535343,1.1767704190106563,0.04420918097864706
2025-08-16 22:24:41.812471,1.1889516341106823,1.1751555859726002,0.04313176352842089
2025-08-16 22:24:41.912471,1.1948289943212682,1.1797394530204273,0.03999326221018013
2025-08-16 22:24:42.012471,1.198600877173489,1.1780030652075777,0.0383489717303951
2025-08-16 22:24:42.112471,1.211277991975509,1.1810220133559288,0.03847283695690636
2025-08-16 22:24:42.212471,1.247382480492415,1.1869968852194481,0.039031638319513916
2025-08-16 22:24:42.312471,1.1444447549541221,1.184365151076801,0.04002491800715545
2025-08-16 22:24:42.412471,1.1414014203549603,1.1812252695862628,0.04080147222746184
2025-08-16 22:24:42.512471,1.145333807105631,1.180225725352975,0.04141895076485663
2025-08-16 22:24:42.612471,1.2144458333584354,1.1788704373767271,0.039802014586454826
2025-08-16 22:24:42.712471,1.2622473689323221,1.1853382437392703,0.04224037357717326
2025-08-16 22:24:42.812471,1.1784330280880244,1.185277254515603,0.04224941815018679
2025-08-16 22:24:42.912471,1.0749150077920173,1.1804851902425362,0.04858495459838354
2025-08-16 22:24:43.012471,1.114800356869481,1.1763416762618588,0.05044092578310737
2025-08-16 22:24:43.112471,1.1583481638601993,1.1735619237432506,0.04982022191171267
2025-08-16 22:24:43.212471,1.1721135556252391,1.1746873338985715,0.04951966262590359
2025-08-16 22:24:43.312471,1.1795805686372636,1.171855655636794,0.04749840435595666
2025-08-16 22:24:43.412471,1.2019290561490459,1.1717946025234096,0.0474589084341767
2025-08-16 22:24:43.512471,1.1844126834588775,1.1757451023296333,0.04499231066800325
2025-08-16 22:24:43.612471,1.2524669805271702,1.1832649299569842,0.044616977255119455
2025-08-16 22:24:43.712471,1.1661991347159315,1.1816056849251042,0.04460372580546651
2025-08-16 22:24:43.812471,1.1568841020262228,1.1800023083208813,0.04488631443740639
2025-08-16 22:24:43.912471,1.223943776926023,1.181458047451119,0.0458062566646692
2025-08-16 22:24:44.012471,1.123217896503694,1.1776888984176292,0.04731710677722492
2025-08-16 22:24:44.112471,1.2194845852660001,1.1780992280821538,0.04764108347831808
2025-08-16 22:24:44.212471,1.2051276591863134,1.1759864870168486,0.04540624969483221
2025-08-16 22:24:44.312471,1.1926278755040916,1.1783956430443472,0.04494470186849566
2025-08-16 22:24:44.412471,1.279413805357463,1.1852962622944723,0.049134636563723105
2025-08-16 22:24:44.512471,1.168889627735264,1.1864740533259541,0.048440007330483405
2025-08-16 22:24:44.612471,1.303014908526204,1.1909025070843424,0.05446825341534399
2025-08-16 22:24:44.712471,1.188728427538595,1.187226560014656,0.05195199619598049
2025-08-16 22:24:44.812471,1.1361491777514885,1.1851123674978292,0.05311420466790975
2025-08-16 22:24:44.912471,1.2034959790497413,1.1915414160607154,0.04679221117300045
2025-08-16 22:24:45.012471,1.1461877399840616,1.1931107852164444,0.04467030775924203
2025-08-16 22:24:45.112471,1.1624122076093248,1.193313987403901,0.044520705804755006
2025-08-16 22:24:45.212471,1.2198516650007745,1.1957008928726776,0.04459972453803252
2025-08-16 22:24:45.312471,1.2277791044325062,1.1981108196624395,0.04496426383148615
2025-08-16 22:24:45.412471,1.168891614987287,1.1964589476043517,0.045398408454594884
2025-08-16 22:24:45.512471,1.24937025725232,1.1997068262940238,0.04672463466596028
2025-08-16 22:24:45.612471,1.2578753879010567,1.199977246662718,0.047043764110963136
2025-08-16 22:24:45.712471,1.2718150878281644,1.2052580443183298,0.04884889606408289
2025-08-16 22:24:45.812471,1.226470670356286,1.208737372734833,0.04774521736233913
2025-08-16 22:24:45.912471,1.2681714356042848,1.210948755668746,0.04939407071232159
2025-08-16 22:24:46.012471,1.105960078601297,1.2100858647736263,0.051042389971117985
2025-08-16 22:24:46.112471,1.1841046725685769,1.2083168691387551,0.05129844586810189
2025-08-16 22:24:46.212471,1.1566497371838287,1.2058929730386307,0.05252257942442202
2025-08-16 22:24:46.312471,1.2059612930563695,1.2065596439162447,0.05243452099606579
2025-08-16 22:24:46.412471,1.1714275390401632,1.2011603306003797,0.05016525894969545
2025-08-16 22:24:46.512471,1.1916921079025133,1.2023004546087421,0.049675605397598854
2025-08-16 22:24:46.612471,1.2941087440102024,1.201855146382942,0.048803027682188645
2025-08-16 22:24:46.712471,1.191514010178981,1.2019944255149615,0.04876932980665587
2025-08-16 22:24:46.812471,1.2206896158595106,1.2062214474203625,0.046489520217474246
2025-08-16 22:24:46.912471,1.1883865335037882,1.2054659751430647,0.046650161312880745
2025-08-16 22:24:47.012471,1.2037856643978417,1.2083458713637536,0.04463619005143241
2025-08-16 22:24:47.112471,1.2003008340218035,1.2102403026843778,0.04343433722615627
2025-08-16 22:24:47.212471,1.2224162032986579,1.2103685295992719,0.04346629638746958
2025-08-16 22:24:47.312471,1.2582653767773588,1.2118928432165146,0.04457066728599108
2025-08-16 22:24:47.412471,1.2823696998801664,1.2175667474611587,0.04593740608414341
2025-08-16 22:24:47.512471,1.2154810040954582,1.2158722848033154,0.04535436504415221
2025-08-16 22:24:47.612471,1.2294773443017801,1.2144523826233518,0.04445271819656709
2025-08-16 22:24:47.712471,1.1424567745407217,1.2079844669589794,0.045042808568745055
2025-08-16 22:24:47.812471,1.195606162879219,1.2064412415851262,0.044911548559344094
2025-08-16 22:24:47.912471,1.2470144732441795,1.205383393467121,0.043677301485306554
2025-08-16 22:24:48.012471,1.2432984319208575,1.212250311133099,0.03792334158416229
2025-08-16 22:24:48.112471,1.2105804866397525,1.2135741018366577,0.037375901089658346
2025-08-16 22:24:48.212471,1.2443196979783975,1.2179575998763863,0.035538547335939016
2025-08-16 22:24:48.312471,1.2245383354496908,1.218886451996052,0.03545553998540797
2025-08-16 22:24:48.412471,1.260015312912966,1.2233158406896922,0.03477696896691755
2025-08-16 22:24:48.512471,1.2144679578478554,1.2244546331869595,0.03408888308442385
2025-08-16 22:24:48.612471,1.1822150842214483,1.2188599501975217,0.03126300832138277
2025-08-16 22:24:48.712471,1.216792062846651,1.220123852830905,0.030636612501484133
2025-08-16 22:24:48.812471,1.053470281207361,1.2117628860982979,0.04751158704164957
2025-08-16 22:24:48.912471,1.2191442868192524,1.213300773764071,0.047226977095117334
2025-08-16 22:24:49.012471,1.0175793587392608,1.203990458481142,0.06367512971740447
2025-08-16 22:24:49.112471,1.1138268296297291,1.1996667582615381,0.06664548816603777
2025-08-16 22:24:49.212471,1.222588430047049,1.1996753695989577,0.06664843815223007
2025-08-16 22:24:49.312471,1.2238764668633397,1.197955924103257,0.0655492412137676
2025-08-16 22:24:49.412471,1.1418785609930033,1.1909313671588988,0.06362631436017933
2025-08-16 22:24:49.512471,1.164394897906053,1.1883770618494285,0.06361492261868183
2025-08-16 22:24:49.612471,1.2685270494307066,1.1903295471058748,0.06542006989972608
2025-08-16 22:24:49.712471,1.175798493421366,1.1919966330499068,0.06459855902839959
2025-08-16 22:24:49.812471,1.3121460156201492,1.1978236256869534,0.06971486395794338
2025-08-16 22:24:49.912471,1.1999040073411826,1.1954681023918037,0.06880293011131138
2025-08-16 22:24:50.012471,1.2204018088440634,1.194323271237964,0.06818526247115769
2025-08-16 22:24:50.112471,1.2808437199249303,1.1978364329022226,0.07069626767234717
2025-08-16 22:24:50.212471,1.206551355809671,1.1959480157937865,0.06992967139263387
2025-08-16 22:24:50.312471,1.1498828009654598,1.1922152390695748,0.07029548492589388
2025-08-16 22:24:50.412471,1.1945136274152854,1.188940154794691,0.06856493748812059
2025-08-16 22:24:50.512471,1.1982194631904954,1.1881277300618227,0.06835358410926576
2025-08-16 22:24:50.612471,1.1317629173899217,1.1856051217202466,0.06944746607380795
2025-08-16 22:24:50.712471,1.1872083964329587,1.184125938399562,0.0690815447165568
2025-08-16 22:24:50.812471,1.1628903953001282,1.1895969441042002,0.0625406291439859
2025-08-16 22:24:50.912471,1.2462178878593717,1.1909506241562062,0.06345188834504979
2025-08-16 22:24:51.012471,1.2017305937092628,1.2001581859047064,0.04943979717560405
2025-08-16 22:24:51.112471,1.1858602125426214,1.2037598550503508,0.04548503020147935
2025-08-16 22:24:51.212471,1.194690903468871,1.202364978721442,0.04531367149962116
2025-08-16 22:24:51.312471,1.2111561009203082,1.2017289604242904,0.045096023005062026
2025-08-16 22:24:51.412471,1.230840709984489,1.2061770678738646,0.04332593696054019
2025-08-16 22:24:51.512471,1.1500143885665308,1.2054580424068886,0.04412532897185589
2025-08-16 22:24:51.612471,1.1479206183689363,1.1994277208538002,0.04332808159540956
2025-08-16 22:24:51.712471,1.2552339607701264,1.2033994942212383,0.04460210165769593
2025-08-16 22:24:51.812471,1.1793831563897634,1.196761351259719,0.03718644186567767
2025-08-16 22:24:51.912471,1.1291578953701562,1.1932240456611676,0.039979200539532425
2025-08-16 22:24:52.012471,1.2221906354691552,1.1933134869924222,0.040041854373921625
2025-08-16 22:24:52.112471,1.2231684903016342,1.1904297255112575,0.03544746815628414
2025-08-16 22:24:52.212471,1.1234642371371646,1.186275369577632,0.03808527023604545
2025-08-16 22:24:52.312471,1.2114740857731803,1.189354933818018,0.0375037585506782
2025-08-16 22:24:52.412471,1.2367791546214186,1.1914682101783247,0.0388997197729175
2025-08-16 22:24:52.512471,1.218719322585313,1.1924932031480657,0.039331790873702845
2025-08-16 22:24:52.612471,1.2315990741880698,1.197485010987973,0.037604876078757954
2025-08-16 22:24:52.712471,1.1297865450954625,1.1946139184210982,0.04037025150089501
2025-08-16 22:24:52.812471,1.2165520077498098,1.1972969990435822,0.03995376298708511
2025-08-16 22:24:52.912471,1.1848690120264775,1.1942295552519375,0.038405130391026915
2025-08-16 22:24:53.012471,1.1758604920637676,1.1929360501696629,0.03856603078069529
2025-08-16 22:24:53.112471,1.2435277804709863,1.195819428566081,0.04005618109653617
2025-08-16 22:24:53.212471,1.2739637255337115,1.1997830696693232,0.04352068556705793
2025-08-16 22:24:53.312471,1.289718502730018,1.2037111897598085,0.047713433734959954
2025-08-16 22:24:53.412471,1.265740393575295,1.2054561739393488,0.04928597520503851
2025-08-16 22:24:53.512471,1.1945132909184908,1.207681119056947,0.04771220731961044
2025-08-16 22:24:53.612471,1.2176360081513171,1.211166888546066,0.04572409930330188
2025-08-16 22:24:53.712471,1.2383411435892122,1.2103222476870201,0.0450533739364202
2025-08-16 22:24:53.812471,1.206058897464973,1.2116560347407808,0.04450926818529966
2025-08-16 22:24:53.912471,1.2065382093955772,1.2155250504420516,0.040337552339311855
2025-08-16 22:24:54.012471,1.2411876565938091,1.2164749014982843,0.040705317567057954
