timestamp,temp_c,temp_roll_mean,temp_roll_std
2025-08-16 21:16:50.353531,24.045707561963166,24.045707561963166,0.0
2025-08-16 21:16:50.453531,23.84403571739726,23.944871639680215,0.10083592228295313
2025-08-16 21:16:50.553531,24.112634346037634,24.000792541799353,0.1141616546951699
2025-08-16 21:16:50.653531,24.14118470745868,24.035890583214186,0.11606153577101266
2025-08-16 21:16:50.753531,23.70747805503526,23.9702080775784,0.1674305535283234
2025-08-16 21:16:50.853531,23.804839740637316,23.942646688088217,0.16479980632719582
2025-08-16 21:16:50.953531,24.019376060475093,23.95360802700063,0.15491942464414102
2025-08-16 21:16:51.053531,23.952796944481797,23.953506641685777,0.1449141006542745
2025-08-16 21:16:51.153531,23.997746493041024,23.958422180725247,0.13733190706338452
2025-08-16 21:16:51.253531,23.872343410863962,23.94981430373912,0.1328190774842771
2025-08-16 21:16:51.353531,24.13224302956276,23.96639873335945,0.1370679450223771
2025-08-16 21:16:51.453531,24.11703545698101,23.97895179366125,0.13767846227938207
2025-08-16 21:16:51.553531,24.010304604634182,23.981363548351474,0.13254076039943088
2025-08-16 21:16:51.653531,24.16951951437854,23.99480326021055,0.13660307378835634
2025-08-16 21:16:51.753531,24.070593068004474,23.999855914063478,0.1333183538399864
2025-08-16 21:16:51.853531,23.871606130567514,23.99184030259498,0.1327654789917159
2025-08-16 21:16:51.953531,24.05584595094571,23.995605340733256,0.12967890161383175
2025-08-16 21:16:52.053531,23.85673427654232,23.98789028161154,0.12997783398698812
2025-08-16 21:16:52.153531,24.13236754519609,23.99549434811599,0.1305597941004093
2025-08-16 21:16:52.253531,23.993144446685395,23.99537685304446,0.12725497687913448
2025-08-16 21:16:52.353531,23.972937312134878,23.991738340553045,0.126803422683134
2025-08-16 21:16:52.453531,23.898560568339406,23.994464583100154,0.1241570667465681
2025-08-16 21:16:52.553531,24.184114534134437,23.99803859250499,0.12846148929782877
2025-08-16 21:16:52.653531,23.977587244356346,23.989858719349876,0.12422486175689847
2025-08-16 21:16:52.753531,23.936550826675536,24.001312357931887,0.10703165435460592
2025-08-16 21:16:52.853531,23.9480133007601,24.00847103593803,0.09806372097024123
2025-08-16 21:16:52.953531,24.08071304449967,24.011537885139255,0.09930804206382061
2025-08-16 21:16:53.053531,24.055716609654613,24.016683868397898,0.09879609888237165
2025-08-16 21:16:53.153531,24.06284322507273,24.019938704999483,0.09919011187731201
2025-08-16 21:16:53.253531,24.06558981711785,24.02960102531218,0.09359647706908182
2025-08-16 21:16:53.353531,24.32224714013057,24.039101230840565,0.11146912123430282
2025-08-16 21:16:53.453531,23.94007108087564,24.0302530120353,0.11195416634775192
2025-08-16 21:16:53.553531,23.924230257305936,24.025949294668884,0.11426879564245979
2025-08-16 21:16:53.653531,23.87903409076282,24.0114250234881,0.11355609478055079
2025-08-16 21:16:53.753531,24.093530246719656,24.01257188242386,0.11426150657982541
2025-08-16 21:16:53.853531,24.1705125105748,24.027517201424224,0.11439416185751436
2025-08-16 21:16:53.953531,23.98410788135177,24.023930297944528,0.1145742158668154
2025-08-16 21:16:54.053531,23.875209861788953,24.02485407720686,0.11328971930960426
2025-08-16 21:16:54.153531,23.87759448431298,24.012115424162705,0.11479808062367326
2025-08-16 21:16:54.253531,24.098888918173706,24.01740264773712,0.11622879008909653
2025-08-16 21:16:54.353531,24.11282145901385,24.02439685508107,0.1175439997744142
2025-08-16 21:16:54.453531,24.082839806912446,24.03361081700972,0.11450211861112763
2025-08-16 21:16:54.553531,23.901573543906697,24.019483767498333,0.11247348696268668
2025-08-16 21:16:54.653531,24.036257531793343,24.022417281870183,0.11210701043573376
2025-08-16 21:16:54.753531,24.018969538037776,24.026538217438294,0.11037636349949759
2025-08-16 21:16:54.853531,24.034303289509353,24.030852716875756,0.10889918918075092
2025-08-16 21:16:54.953531,24.132247650025562,24.033429447152052,0.11064419494574808
2025-08-16 21:16:55.053531,24.035105998982868,24.03239891661847,0.11052773653112294
2025-08-16 21:16:55.153531,24.103437034460786,24.034428607087868,0.11143715185142623
2025-08-16 21:16:55.253531,24.011770193756668,24.03173762591981,0.11130191627873569
2025-08-16 21:16:55.353531,24.04503457647016,24.01787699773679,0.0893591131672581
2025-08-16 21:16:55.453531,24.09639323387578,24.025693105386797,0.08904780457251019
2025-08-16 21:16:55.553531,23.783159960354983,24.018639590539248,0.10151916209463306
2025-08-16 21:16:55.653531,23.95381598421307,24.02237868521176,0.09761034608017581
2025-08-16 21:16:55.753531,23.93124410185608,24.01426437796858,0.09810242636538062
2025-08-16 21:16:55.853531,23.906001656096834,24.00103883524468,0.09388577090614161
2025-08-16 21:16:55.953531,23.960595328982667,23.999863207626227,0.094236971928725
2025-08-16 21:16:56.053531,24.22614119668516,24.01740977437104,0.10176388582877416
2025-08-16 21:16:56.153531,23.872058665979345,24.017132983454356,0.1021505913570447
2025-08-16 21:16:56.253531,24.14720841985539,24.01954895853844,0.10459773273661946
2025-08-16 21:16:56.353531,23.749569534257628,24.00138636230063,0.11755961169145829
2025-08-16 21:16:56.453531,23.951800578835467,23.99483440089678,0.11648406936978557
2025-08-16 21:16:56.553531,24.02647962643242,24.001079705023066,0.11465045240185111
2025-08-16 21:16:56.653531,24.09003334970389,24.003768495918596,0.11606575812769
2025-08-16 21:16:56.753531,24.10881732030226,24.00826088503182,0.11828477434122694
2025-08-16 21:16:56.853531,24.121168751946655,24.012604158153685,0.12073078645713485
2025-08-16 21:16:56.953531,23.94989123916273,24.003486337610543,0.11821042847462596
2025-08-16 21:16:57.053531,23.93288056443365,23.998375065883078,0.11894052678760479
2025-08-16 21:16:57.153531,24.13096304885524,23.999751366602805,0.12029976104798373
2025-08-16 21:16:57.253531,23.97360435126776,23.99784307447836,0.12039664297482948
2025-08-16 21:16:57.353531,23.810980384832643,23.98614036489648,0.12646315500619168
2025-08-16 21:16:57.453531,23.832373584566145,23.972939382431,0.1280355029545144
2025-08-16 21:16:57.553531,23.86448215709976,23.97700549226824,0.12314176302846751
2025-08-16 21:16:57.653531,24.077007444941398,23.983165065304654,0.12489629828180902
2025-08-16 21:16:57.753531,24.02383052707725,23.987794386565717,0.12460156249400775
2025-08-16 21:16:57.853531,24.106072803110166,23.99779794391638,0.12566011646268538
2025-08-16 21:16:57.953531,23.938445436382853,23.99669044928639,0.12608002460616324
2025-08-16 21:16:58.053531,24.026347620328174,23.98670077046854,0.11492595023502805
2025-08-16 21:16:58.153531,24.096438559095102,23.99791976512433,0.11413626375032877
2025-08-16 21:16:58.253531,23.956231352375298,23.988370911750327,0.1091258318109527
2025-08-16 21:16:58.353531,24.07118295230028,24.004451582652457,0.09561090942016974
2025-08-16 21:16:58.453531,23.903411108840004,24.002032109152687,0.09750612598909456
2025-08-16 21:16:58.553531,23.94827525634857,23.99812189064849,0.09801408420611606
2025-08-16 21:16:58.653531,23.945505982566917,23.990895522291645,0.09628383133741847
2025-08-16 21:16:58.753531,23.823424053161645,23.97662585893461,0.09886359295015706
2025-08-16 21:16:58.853531,24.075879205451173,23.97436138160984,0.09600422437154615
2025-08-16 21:16:58.953531,23.93245631563626,23.973489635433516,0.09630116037685965
2025-08-16 21:16:59.053531,24.004774117809152,23.97708431310229,0.09605973605985646
2025-08-16 21:16:59.153531,24.07504533216922,23.974288427267986,0.09227968742511036
2025-08-16 21:16:59.253531,24.06994634307116,23.97910552685816,0.09460356604064207
2025-08-16 21:16:59.353531,24.10280776634592,23.993696895933823,0.08993739872691132
2025-08-16 21:16:59.453531,23.98826051065692,24.001491242238362,0.08202561203770918
2025-08-16 21:16:59.553531,23.939571919860043,24.005245730376377,0.07724785111992459
2025-08-16 21:16:59.653531,23.99114226836404,24.00095247154751,0.07550666612588203
2025-08-16 21:16:59.753531,23.75003316823963,23.987262603605625,0.09292846018612187
2025-08-16 21:16:59.853531,23.786099795803203,23.971263953240275,0.0984747301894405
2025-08-16 21:16:59.953531,23.80479505814684,23.964581434328476,0.10480628953513194
2025-08-16 21:17:00.053531,23.853646309193113,23.955946368771723,0.10646300287773638
2025-08-16 21:17:00.153531,24.06323280067518,23.95428608085073,0.10449990704397798
2025-08-16 21:17:00.253531,23.86747814169599,23.949848420316762,0.10619382963305674
2025-08-16 21:17:00.353531,23.946608950227425,23.94361972021312,0.10248294503425184
2025-08-16 21:17:00.453531,24.19825091133458,23.958361710337847,0.11595880002494452
2025-08-16 21:17:00.553531,23.949960404340786,23.95844596773746,0.1159520524757307
2025-08-16 21:17:00.653531,24.114060668603397,23.966873702039283,0.12073225071761731
2025-08-16 21:17:00.753531,23.863424014665185,23.968873700114464,0.11865276302629857
2025-08-16 21:17:00.853531,23.972684366319854,23.963713958157893,0.11610371392399456
2025-08-16 21:17:00.953531,23.861030025096746,23.960142643630917,0.11809176768148977
2025-08-16 21:17:01.053531,23.952711705281583,23.95753952300454,0.11765224976605806
2025-08-16 21:17:01.153531,24.129646220618607,23.960269567427012,0.12093491531098445
2025-08-16 21:17:01.253531,23.74453526985448,23.943999013766174,0.12683113744863828
2025-08-16 21:17:01.353531,24.068830213198545,23.942300136108805,0.12490549092818193
2025-08-16 21:17:01.453531,24.03936034034984,23.944855127593453,0.1263339623516138
2025-08-16 21:17:01.553531,23.914610839978813,23.94360707359939,0.12650317243909337
2025-08-16 21:17:01.653531,23.786857988508398,23.933392859606606,0.13043870789164555
2025-08-16 21:17:01.753531,24.01461942615708,23.94662217250248,0.1244511580159642
2025-08-16 21:17:01.853531,23.924409426973764,23.953537654061012,0.1190653832079885
2025-08-16 21:17:01.953531,24.03876809836987,23.965236306072164,0.11531131973695083
2025-08-16 21:17:02.053531,24.007177821828517,23.972912881703934,0.11270806897942519
2025-08-16 21:17:02.153531,24.24420016703147,23.981961250021747,0.12606819985518472
2025-08-16 21:17:02.253531,23.968063322545714,23.986990509064235,0.12337842632737935
2025-08-16 21:17:02.353531,23.850475376106722,23.9821838303582,0.12668629556685765
2025-08-16 21:17:02.453531,24.03092467857678,23.973817518720306,0.11731989027526976
2025-08-16 21:17:02.553531,24.03706616926243,23.97817280696639,0.11796842633916539
2025-08-16 21:17:02.653531,24.207978136286066,23.982868680350524,0.12494697798775174
2025-08-16 21:17:02.753531,24.12940002022052,23.99616748062829,0.12567859598839745
2025-08-16 21:17:02.853531,24.057697325539092,24.000418128589253,0.12624882074452468
2025-08-16 21:17:02.953531,24.223695433682934,24.01855139901856,0.13088596113278958
2025-08-16 21:17:03.053531,23.825918875184904,24.01221175751373,0.13685600083884303
2025-08-16 21:17:03.153531,23.908303936754205,24.001144643320508,0.13585795174942253
2025-08-16 21:17:03.253531,23.865313608789172,24.007183560267244,0.1266925392642374
2025-08-16 21:17:03.353531,23.94586186285997,24.001035142750315,0.1265353646417535
2025-08-16 21:17:03.453531,23.79786374453322,23.988960312959485,0.13362592115553767
2025-08-16 21:17:03.553531,24.09967264202216,23.998213403061648,0.13456127196160977
2025-08-16 21:17:03.653531,23.97109992876852,24.007425500074653,0.1257977529287102
2025-08-16 21:17:03.753531,23.783845722491268,23.995886814891367,0.13486564278844862
2025-08-16 21:17:03.853531,23.85216313781887,23.99227450043362,0.1376701373115663
2025-08-16 21:17:03.953531,24.051560410450865,23.99291411603767,0.13791416106818158
2025-08-16 21:17:04.053531,24.130285651850823,23.999069507538785,0.1411233547505417
2025-08-16 21:17:04.153531,24.304109633753768,24.0020649808749,0.14681570186610376
2025-08-16 21:17:04.253531,24.441712703234433,24.025747449909336,0.17493053285578727
2025-08-16 21:17:04.353531,24.066828081658066,24.0365650851869,0.17038789867447082
2025-08-16 21:17:04.453531,23.85626928199522,24.027832315357827,0.174869988474021
2025-08-16 21:17:04.553531,23.684926391223637,24.010225326455885,0.19011698306077346
2025-08-16 21:17:04.653531,24.04492338601824,24.002072588942493,0.1848861519861644
2025-08-16 21:17:04.753531,23.882858835703452,23.98974552971664,0.18420346092668063
2025-08-16 21:17:04.853531,23.94252974430638,23.983987150655004,0.18378887420018156
2025-08-16 21:17:04.953531,23.913052146807697,23.968454986311244,0.1758285751563132
2025-08-16 21:17:05.053531,23.98378136703754,23.976348110903874,0.172769511703373
2025-08-16 21:17:05.153531,24.16483036795148,23.989174432463738,0.17671889324225504
2025-08-16 21:17:05.253531,24.02852395178347,23.997334949613453,0.17456608273110907
2025-08-16 21:17:05.353531,23.981204774444194,23.999102095192665,0.17421460797286573
2025-08-16 21:17:05.453531,23.849685270409463,24.001693171486476,0.17156760079451772
2025-08-16 21:17:05.553531,23.753864224961013,23.984402750633418,0.17812199048288307
2025-08-16 21:17:05.653531,23.932153813638998,23.982455444876944,0.17846932736817533
2025-08-16 21:17:05.753531,23.997065950710585,23.99311645628791,0.17255731192758653
2025-08-16 21:17:05.853531,24.27035615370365,24.01402610708215,0.1794115743064661
2025-08-16 21:17:05.953531,24.024741178220932,24.012685145470652,0.17922615394547692
2025-08-16 21:17:06.053531,24.15264425998679,24.01380307587745,0.18002416010485045
2025-08-16 21:17:06.153531,23.930372326885795,23.995116210534054,0.1679096152745865
2025-08-16 21:17:06.253531,23.827558435037446,23.964408497124204,0.13668223835104507
2025-08-16 21:17:06.353531,23.860565818998477,23.954095383991223,0.1363464356093318
2025-08-16 21:17:06.453531,23.896582756986305,23.956111057740777,0.13517830951883072
2025-08-16 21:17:06.553531,24.324670459865278,23.98809826117286,0.14270507929987009
2025-08-16 21:17:06.653531,23.882225331449675,23.97996335844443,0.14386647329139912
2025-08-16 21:17:06.753531,24.13124004722712,23.992382419020615,0.14565746284803013
2025-08-16 21:17:06.853531,23.870060923286946,23.988758977969642,0.14773906089925323
2025-08-16 21:17:06.953531,24.14526928526447,24.00036983489248,0.15043342619630057
2025-08-16 21:17:07.053531,24.063309311582547,24.004346232119733,0.15099243029126086
2025-08-16 21:17:07.153531,23.982104315351286,23.995209929489725,0.146465761288799
2025-08-16 21:17:07.253531,23.999518954413016,23.9937596796212,0.14627218869609607
2025-08-16 21:17:07.353531,23.907448512352257,23.9900718665166,0.14746712453295469
2025-08-16 21:17:07.453531,24.072610830222313,24.00121814450724,0.1448362092611058
2025-08-16 21:17:07.553531,23.937485811282215,24.010399223823306,0.13430237427123357
2025-08-16 21:17:07.653531,23.82192580210158,24.00488782324643,0.13955911479584848
2025-08-16 21:17:07.753531,23.814109363852058,23.995739993903506,0.14563593541725675
2025-08-16 21:17:07.853531,24.03172152099165,23.983808262267907,0.13176301157170722
2025-08-16 21:17:07.953531,24.24273035512823,23.994707721113272,0.14321644578560846
2025-08-16 21:17:08.053531,24.029898742036018,23.988570445215736,0.13888126968792913
2025-08-16 21:17:08.153531,23.98813758441685,23.991458708092285,0.13824009305282475
2025-08-16 21:17:08.253531,24.048840587607046,24.002522815720766,0.1334517811012629
2025-08-16 21:17:08.353531,24.201900261256025,24.019589537833642,0.1360076605155376
2025-08-16 21:17:08.453531,24.038940708537915,24.026707435411225,0.13307745577912586
2025-08-16 21:17:08.553531,23.944427582041605,24.007695291520044,0.115097993630389
2025-08-16 21:17:08.653531,24.172043306508982,24.022186190273008,0.11662306782369593
2025-08-16 21:17:08.753531,24.070446799102577,24.019146527866777,0.1145142678161461
2025-08-16 21:17:08.853531,24.236530065466063,24.037469984975736,0.11844501973218369
2025-08-16 21:17:08.953531,24.033685165583286,24.031890778991674,0.11583512828887095
2025-08-16 21:17:09.053531,23.82256297857526,24.01985346234131,0.12415486355921806
2025-08-16 21:17:09.153531,23.801042786779817,24.010800385912738,0.13287259926202327
2025-08-16 21:17:09.253531,24.253939189834686,24.02352139768382,0.14297819364491351
2025-08-16 21:17:09.353531,24.264883191450828,24.04139313163875,0.14954094764468048
2025-08-16 21:17:09.453531,23.97943878467428,24.03673452936135,0.14994659805222937
2025-08-16 21:17:09.553531,23.9489219018296,24.03730633388872,0.14958841125803582
2025-08-16 21:17:09.653531,24.225649977169663,24.057492542642123,0.14636747413083157
2025-08-16 21:17:09.753531,23.840409814360147,24.058807565167527,0.14427815205088007
2025-08-16 21:17:09.853531,23.872290947156625,24.050836036475776,0.14985119165288419
2025-08-16 21:17:09.953531,24.10303235253669,24.0438511363462,0.14388065229185948
2025-08-16 21:17:10.053531,23.94737589823773,24.039724994156284,0.14539689531628353
2025-08-16 21:17:10.153531,24.00583171999199,24.04060970093504,0.14513390066082968
2025-08-16 21:17:10.253531,23.982116898554658,24.037273516482422,0.14567224174862792
2025-08-16 21:17:10.353531,24.05730284898651,24.030043645868947,0.14083000901893425
2025-08-16 21:17:10.453531,24.217822279197055,24.038987724401903,0.1466703029586822
2025-08-16 21:17:10.553531,24.020321069368595,24.04278239876825,0.14514861139808327
2025-08-16 21:17:10.653531,24.103357485658197,24.03934810772571,0.14284387624226363
2025-08-16 21:17:10.753531,23.699274184845343,24.02078947701285,0.16060544021568043
2025-08-16 21:17:10.853531,23.999525573043815,24.008939252391738,0.1528040811254546
2025-08-16 21:17:10.953531,23.880382126122736,24.001274100418712,0.15519684719274301
2025-08-16 21:17:11.053531,23.824078040936456,24.001349853536773,0.1551099434636845
2025-08-16 21:17:11.153531,23.87521047829402,24.005058238112483,0.15111172520634883
2025-08-16 21:17:11.253531,23.956848150561544,23.990203686148824,0.14011859263271753
2025-08-16 21:17:11.353531,24.144385381353402,23.984178795643952,0.13043419383328014
2025-08-16 21:17:11.453531,23.808074425672398,23.975610577693857,0.13597491913235804
2025-08-16 21:17:11.553531,24.01166139055583,23.97874755213017,0.13604670818828524
2025-08-16 21:17:11.653531,23.934474584999965,23.964188782521685,0.12388185275802639
2025-08-16 21:17:11.753531,23.95798236917904,23.97006741026263,0.12061517113952626
2025-08-16 21:17:11.853531,24.157580340462356,23.984331879927915,0.12499835009676845
2025-08-16 21:17:11.953531,24.08791731555059,23.983576128078614,0.12432225617256228
2025-08-16 21:17:12.053531,24.207843049449743,23.996599485639212,0.13317535547811837
2025-08-16 21:17:12.153531,23.984090814779183,23.995512440378572,0.13318429064308393
2025-08-16 21:17:12.253531,23.902908608249394,23.99155202586331,0.1346928797308201
2025-08-16 21:17:12.353531,23.973754510801257,23.98737460895405,0.13388203792218514
2025-08-16 21:17:12.453531,24.043741185357348,23.97867055426206,0.12390396531534321
2025-08-16 21:17:12.553531,24.033886003768057,23.979348800982034,0.12416695061500119
2025-08-16 21:17:12.653531,23.84477512249833,23.966419682824043,0.12404380509304008
2025-08-16 21:17:12.753531,24.021040133910848,23.982507980277315,0.10820751404753812
2025-08-16 21:17:12.853531,24.041734249520836,23.984618414101167,0.1089280486866006
2025-08-16 21:17:12.953531,24.385154438963422,24.009857029743202,0.1367718072016034
2025-08-16 21:17:13.053531,24.289093358358915,24.033107795614324,0.14261445879866697
2025-08-16 21:17:13.153531,23.879613497416177,24.03332794657043,0.14237374136445538
2025-08-16 21:17:13.253531,23.964525829100957,24.033711830497403,0.1421772255735059
2025-08-16 21:17:13.353531,23.788150366391115,24.015900079749287,0.1493308236661568
2025-08-16 21:17:13.453531,23.919093947905477,24.021451055860943,0.1434499138881747
2025-08-16 21:17:13.553531,24.055074083871887,24.023621690526745,0.1436137168343067
2025-08-16 21:17:13.653531,24.1886447097999,24.03633019676674,0.1463819082244266
2025-08-16 21:17:13.753531,23.898437424338457,24.033352949524712,0.14853484703697106
2025-08-16 21:17:13.853531,23.909711367323165,24.020959500867754,0.14799237488529365
2025-08-16 21:17:13.953531,23.685773312205868,24.000852300700515,0.1639840392591659
2025-08-16 21:17:14.053531,23.983500111918264,23.989635153823944,0.156964127007061
2025-08-16 21:17:14.153531,23.8485711715544,23.982859171662703,0.15995386398194256
2025-08-16 21:17:14.253531,23.92855075256176,23.98414127887832,0.15940972490283786
2025-08-16 21:17:14.353531,23.876470883274862,23.979277097502,0.16112743897316906
2025-08-16 21:17:14.453531,23.99389395019545,23.97678473574391,0.16049530027667772
2025-08-16 21:17:14.553531,23.744407407963173,23.962310805953663,0.16758931991673717
2025-08-16 21:17:14.653531,23.78804321319135,23.959474210488313,0.170017239497685
2025-08-16 21:17:14.753531,24.32752040013758,23.97479822379965,0.18776159906080897
2025-08-16 21:17:14.853531,23.815053279475563,23.96346417529739,0.19020477967524202
2025-08-16 21:17:14.953531,23.843682163231804,23.936390561510805,0.16513972945668673
2025-08-16 21:17:15.053531,24.28377036258153,23.936124411721938,0.16457439829356943
2025-08-16 21:17:15.153531,24.444026742052728,23.964345073953766,0.1975522500071271
2025-08-16 21:17:15.253531,23.832565005676198,23.957747032782528,0.1996287930678374
2025-08-16 21:17:15.353531,23.95309598981513,23.96599431395373,0.19582279622782803
2025-08-16 21:17:15.453531,24.059599999307743,23.97301961652384,0.19653328381228735
2025-08-16 21:17:15.553531,24.26770464666084,23.98365114466329,0.20619800877849326
2025-08-16 21:17:15.653531,23.860404771569097,23.967239147751748,0.2022538763986064
2025-08-16 21:17:15.753531,23.97167498977535,23.97090102602359,0.20163710259591655
2025-08-16 21:17:15.853531,24.125100636409265,23.9816704894779,0.2038215078831089
2025-08-16 21:17:15.953531,24.073748244503324,24.00106923609277,0.19290685415030187
2025-08-16 21:17:16.053531,23.95214325598215,23.999501393295965,0.19317052082915376
2025-08-16 21:17:16.153531,23.988526555322593,24.006499162484374,0.19008657792035685
2025-08-16 21:17:16.253531,23.802398962077834,24.00019157296018,0.19460772923933956
2025-08-16 21:17:16.353531,23.972940605070466,24.00501505904996,0.1926673105935977
2025-08-16 21:17:16.453531,23.968741876498658,24.00375745536512,0.1928178265613788
2025-08-16 21:17:16.553531,24.04355881677727,24.018715025805825,0.1834967857770529
2025-08-16 21:17:16.653531,23.925467583843815,24.02558624433845,0.1771951939564601
2025-08-16 21:17:16.753531,24.079530778381773,24.01318676325066,0.16380378062111753
2025-08-16 21:17:16.853531,24.160740706006305,24.03047113457719,0.16018331213054798
2025-08-16 21:17:16.953531,24.032181065816935,24.03989607970645,0.1543551233255713
2025-08-16 21:17:17.053531,24.06166346125988,24.028790734640367,0.14405600667937424
2025-08-16 21:17:17.153531,24.016906635470015,24.007434729311235,0.10808361853146574
2025-08-16 21:17:17.253531,24.008979325630378,24.01625544530894,0.10037635100372694
2025-08-16 21:17:17.353531,23.900766294968573,24.013638960566613,0.10264500572273215
2025-08-16 21:17:17.453531,24.056507472584332,24.013484334230444,0.1025779601207704
2025-08-16 21:17:17.553531,23.994473676904644,23.99982278574263,0.08439355358936193
2025-08-16 21:17:17.653531,24.323075246339588,24.02295630948116,0.1041146027086271
2025-08-16 21:17:17.753531,24.24513656870462,24.03662938842762,0.11397197945631782
2025-08-16 21:17:17.853531,24.06704364955014,24.033726539084665,0.11241031467304628
2025-08-16 21:17:17.953531,23.894741418545784,24.024776197786785,0.11593846030060041
2025-08-16 21:17:18.053531,23.84237161253582,24.01928761561447,0.12170208078287108
2025-08-16 21:17:18.153531,24.187938109629997,24.029258193329845,0.12683383366425777
2025-08-16 21:17:18.253531,24.04871238377207,24.041573864414552,0.1156754656086665
2025-08-16 21:17:18.353531,24.081354843842075,24.046994576353136,0.11486961881917222
2025-08-16 21:17:18.453531,23.747678768620535,24.035941420959226,0.1313247138573119
2025-08-16 21:17:18.553531,24.148515772233726,24.041189268732047,0.1336016038666812
2025-08-16 21:17:18.653531,24.077596384065487,24.048795708743135,0.131103886711204
2025-08-16 21:17:18.753531,23.842902064004498,24.03696427302427,0.13827734326894442
2025-08-16 21:17:18.853531,23.938771278882506,24.025865801668083,0.13679733378948314
2025-08-16 21:17:18.953531,24.049090913986813,24.026711294076573,0.1368859811614976
2025-08-16 21:17:19.053531,24.017436686420105,24.024499955334583,0.13666052845402196
2025-08-16 21:17:19.153531,23.965774322129466,24.021943339667555,0.1372556586378222
2025-08-16 21:17:19.253531,23.99411009312344,24.02119987804221,0.13736409389129117
2025-08-16 21:17:19.353531,23.971870059935636,24.024755066290563,0.13510260574177688
2025-08-16 21:17:19.453531,24.032584376815368,24.023558911502114,0.13492196793640573
2025-08-16 21:17:19.553531,24.230457129282307,24.035358084121,0.1419956444395187
2025-08-16 21:17:19.653531,23.624767900526972,24.000442716830367,0.1524264965095833
2025-08-16 21:17:19.753531,23.974272460323547,23.986899511411316,0.14174240185700057
2025-08-16 21:17:19.853531,24.0363101965392,23.985362838760768,0.14103001016697134
2025-08-16 21:17:19.953531,24.054265765119734,23.993339056089464,0.14018777513668665
2025-08-16 21:17:20.053531,23.954112812801803,23.998926116102762,0.13623058950048358
2025-08-16 21:17:20.153531,23.746425065961546,23.97685046391934,0.1395456965570381
2025-08-16 21:17:20.253531,24.059165989223782,23.977373144191926,0.13983316395613354
2025-08-16 21:17:20.353531,24.26910253212463,23.986760528606055,0.15224941002157455
2025-08-16 21:17:20.453531,23.77995412259591,23.988374296304823,0.1498589960135358
2025-08-16 21:17:20.553531,24.139640868721393,23.987930551129207,0.14939657277629415
2025-08-16 21:17:20.653531,23.960821216531567,23.982091792752513,0.14805401912555216
2025-08-16 21:17:20.753531,24.000934681459004,23.989993423625236,0.14459121862019791
2025-08-16 21:17:20.853531,23.852231890061073,23.985666454184162,0.1473282879776486
2025-08-16 21:17:20.953531,23.96003157414662,23.981213487192157,0.14668851274744363
2025-08-16 21:17:21.053531,24.205240022538177,23.990603653998058,0.1545093296803023
2025-08-16 21:17:21.153531,24.097664952964823,23.997198185539826,0.15611510629267022
2025-08-16 21:17:21.253531,24.27014674081149,24.01100001792423,0.16705090455041224
2025-08-16 21:17:21.353531,24.186945116679986,24.021753770761446,0.17106033356458353
2025-08-16 21:17:21.453531,24.0762296685061,24.023936035345987,0.17146250759536116
2025-08-16 21:17:21.553531,24.27199017892517,24.026012687828125,0.1741811523117962
2025-08-16 21:17:21.653531,24.07628230714408,24.048588408158984,0.14800639660737677
2025-08-16 21:17:21.753531,24.134664893186226,24.056608029802117,0.14810771135899606
2025-08-16 21:17:21.853531,23.966014356969794,24.053093237823646,0.14937637355837674
2025-08-16 21:17:21.953531,24.020515205712215,24.05140570985327,0.14954414363190735
2025-08-16 21:17:22.053531,23.905953093171625,24.04899772387176,0.15146676299524203
2025-08-16 21:17:22.153531,24.15903759018923,24.069628350083146,0.13617813883879934
2025-08-16 21:17:22.253531,23.833887789866104,24.058364440115263,0.14557066107794173
2025-08-16 21:17:22.353531,24.128019218029316,24.051310274410493,0.1384309154271682
2025-08-16 21:17:22.453531,23.982102341374226,24.061417685349408,0.12497494722340441
2025-08-16 21:17:22.553531,24.186420397353434,24.063756661781014,0.12684087354761048
2025-08-16 21:17:22.653531,24.123397014976355,24.071885451703253,0.12518224022899388
2025-08-16 21:17:22.753531,24.28389692364702,24.086033563812652,0.13215962626447433
2025-08-16 21:17:22.853531,24.12044953700413,24.099444446159808,0.12088166476815577
2025-08-16 21:17:22.953531,23.77506062831868,24.09019589886841,0.13717247125363777
2025-08-16 21:17:23.053531,24.00085702406527,24.079976748944766,0.1358277219593811
2025-08-16 21:17:23.153531,23.83513225444411,24.066850114018727,0.14580349517238628
2025-08-16 21:17:23.253531,23.93322469031173,24.050004011493737,0.14071666498314522
2025-08-16 21:17:23.353531,24.237684264991508,24.052540968909316,0.1435907177160774
2025-08-16 21:17:23.453531,24.10666340496799,24.054062655732412,0.1439943848323526
2025-08-16 21:17:23.553531,23.906227102379855,24.035774501905145,0.13826812201785033
2025-08-16 21:17:23.653531,23.85904239503394,24.024912506299636,0.14310750638419176
2025-08-16 21:17:23.753531,24.016050647264773,24.01898179400356,0.14087665648032285
2025-08-16 21:17:23.853531,23.828682644259498,24.01211520836805,0.14652471871037334
2025-08-16 21:17:23.953531,23.91052895839051,24.006615896001964,0.1481610983629298
2025-08-16 21:17:24.053531,24.05803475406602,24.014219979046686,0.14669503721567007
2025-08-16 21:17:24.153531,24.184563472082672,24.015496273141355,0.14805419032646197
2025-08-16 21:17:24.253531,24.102614220833665,24.028932594689735,0.14307306985279478
2025-08-16 21:17:24.353531,23.66763990704362,24.00591362914045,0.1611699193498215
2025-08-16 21:17:24.453531,24.057021676021208,24.0096595958728,0.16144337517536075
2025-08-16 21:17:24.553531,24.022205035984886,24.001448827804374,0.1563400045801292
2025-08-16 21:17:24.653531,24.073516876139237,23.998954820862515,0.1547646572163743
2025-08-16 21:17:24.753531,24.25389811891435,23.997454880625884,0.15211855069879823
2025-08-16 21:17:24.853531,23.70201425847929,23.97653311669964,0.16220421402280033
2025-08-16 21:17:24.953531,23.922867819554668,23.98392347626144,0.15610903131934503
2025-08-16 21:17:25.053531,24.10020261508567,23.98889075581246,0.1581362085278085
2025-08-16 21:17:25.153531,23.77436084008191,23.985852185094352,0.16160723354960693
2025-08-16 21:17:25.253531,24.233025690541357,24.000842235105832,0.16973052396550437
2025-08-16 21:17:25.353531,24.066920158571765,23.992304029784844,0.1617070099221458
2025-08-16 21:17:25.453531,24.138687597876512,23.99390523943027,0.16298496035334323
2025-08-16 21:17:25.553531,23.92609178410506,23.99489847351653,0.16250744979156018
2025-08-16 21:17:25.653531,24.133831220161596,24.008637914772912,0.16205607268227618
2025-08-16 21:17:25.753531,24.172070733398357,24.016438919079594,0.1659339685087227
2025-08-16 21:17:25.853531,24.046765036353907,24.027343038684315,0.16030765675235564
2025-08-16 21:17:25.953531,24.04702680057147,24.034167930793362,0.15807928933762455
2025-08-16 21:17:26.053531,24.05245148589226,24.033888767384674,0.15804182023115262
2025-08-16 21:17:26.153531,23.882431543622424,24.018782170961664,0.15735573992131455
2025-08-16 21:17:26.253531,23.989837364630613,24.013143328151507,0.15626750077778961
2025-08-16 21:17:26.353531,23.989121620132146,24.029217413805934,0.13498658078733988
2025-08-16 21:17:26.453531,24.069542412986358,24.02984345065419,0.13514302238221534
2025-08-16 21:17:26.553531,24.16204030370321,24.036835214040106,0.1381507686269817
2025-08-16 21:17:26.653531,23.85331958770324,24.02582534961831,0.14346093473978155
2025-08-16 21:17:26.753531,23.993381978785397,24.012799542611862,0.13365304844661766
2025-08-16 21:17:26.853531,24.23438499881551,24.03941807962867,0.12157393604116186
2025-08-16 21:17:26.953531,23.900661765678116,24.038307776934847,0.12272920080143891
2025-08-16 21:17:27.053531,23.888895830739788,24.02774243771755,0.1259979296273828
2025-08-16 21:17:27.153531,24.042612595441344,24.04115502548552,0.1117878577407715
2025-08-16 21:17:27.253531,24.1389577785728,24.036451629887093,0.1054132559417438
2025-08-16 21:17:27.353531,24.014047241667434,24.03380798404188,0.10527890070402982
2025-08-16 21:17:27.453531,24.211710755232215,24.03745914190966,0.1100127224898493
2025-08-16 21:17:27.553531,24.14091909738498,24.04820050757366,0.10909851453356348
2025-08-16 21:17:27.653531,24.13870634336684,24.04844426373392,0.10929483439339545
2025-08-16 21:17:27.753531,24.09558414186528,24.044619934157268,0.10619636779945023
2025-08-16 21:17:27.853531,24.36164796505191,24.06036408059217,0.1267079276616429
2025-08-16 21:17:27.953531,23.981759080003428,24.057100694563765,0.1278447980869692
2025-08-16 21:17:28.053531,23.712038322856692,24.040080036411986,0.14834726440120033
2025-08-16 21:17:28.153531,24.25323815422757,24.058620366942243,0.15063974838913557
2025-08-16 21:17:28.253531,23.94397841868981,24.056327419645203,0.15201203877338335
2025-08-16 21:17:28.353531,24.028848733318124,24.0583137753045,0.15137911764486892
2025-08-16 21:17:28.453531,24.209132602729078,24.06529328479164,0.15491267064489894
2025-08-16 21:17:28.553531,23.772394402174495,24.0458109897152,0.16564982400652814
2025-08-16 21:17:28.653531,23.82501958455075,24.04439598955758,0.16739969296640236
2025-08-16 21:17:28.753531,23.772608309432172,24.033357306089915,0.17738125707410718
2025-08-16 21:17:28.853531,23.89371288982952,24.01632370064062,0.17357530969033047
2025-08-16 21:17:28.953531,24.078812157569217,24.025231220235174,0.17197499943674788
2025-08-16 21:17:29.053531,24.091528176421914,24.03536283751928,0.16959701695789517
2025-08-16 21:17:29.153531,24.054374460232616,24.035950930758844,0.169641523359617
2025-08-16 21:17:29.253531,23.801051784082812,24.01905563103434,0.17527451387928097
2025-08-16 21:17:29.353531,23.666484484505105,24.001677493176228,0.19139807211737148
2025-08-16 21:17:29.453531,24.02118637114189,23.99215127397171,0.18535318830652395
2025-08-16 21:17:29.553531,23.942300261620918,23.98222033218351,0.18241393509832668
2025-08-16 21:17:29.653531,24.082007865757493,23.979385408303038,0.18038927610222238
2025-08-16 21:17:29.753531,24.118426377266523,23.980527520073103,0.18119188387405863
2025-08-16 21:17:29.853531,24.03390288147547,23.96414026589428,0.1595047443291507
2025-08-16 21:17:29.953531,24.12721996280638,23.97141331003443,0.1634108152453807
2025-08-16 21:17:30.053531,24.04761503945059,23.988192145864126,0.15280095283403483
2025-08-16 21:17:30.153531,24.092776372506886,23.980169056778088,0.14254187077543076
2025-08-16 21:17:30.253531,23.90759901056952,23.978350086372075,0.14322258459089274
2025-08-16 21:17:30.353531,23.986391621258612,23.976227230769098,0.14277230077288006
2025-08-16 21:17:30.453531,24.04288308116521,23.967914754690906,0.13350931471115213
2025-08-16 21:17:30.553531,24.136479271312613,23.98611899814781,0.13039414110914815
2025-08-16 21:17:30.653531,23.954372157499645,23.992586626795255,0.12535367508279371
2025-08-16 21:17:30.753531,24.091641755026483,24.00853829907497,0.11631921992600566
2025-08-16 21:17:30.853531,23.973624181212692,24.01253386364413,0.11364815193769813
2025-08-16 21:17:30.953531,23.995902008234115,24.008388356177374,0.11266280453252966
2025-08-16 21:17:31.053531,24.137994522970278,24.010711673504794,0.11481196000310234
2025-08-16 21:17:31.153531,23.714640944341877,23.993724997710256,0.13107559227909532
2025-08-16 21:17:31.253531,23.81916248412212,23.994630532712222,0.1297977122013711
2025-08-16 21:17:31.353531,23.791338857050242,24.000873251339478,0.1161501544502913
2025-08-16 21:17:31.453531,23.663657582022754,23.98299681188352,0.13724569403458267
2025-08-16 21:17:31.553531,23.911993667310057,23.981481482167975,0.13785262483423955
2025-08-16 21:17:31.653531,24.126181751625825,23.983690176461394,0.13978590255239354
2025-08-16 21:17:31.753531,23.971067390042613,23.976322227100198,0.1363307977717308
2025-08-16 21:17:31.853531,24.04350184562461,23.976802175307657,0.13654938498629277
2025-08-16 21:17:31.953531,24.177249291173283,23.979303641726,0.1397038080334056
2025-08-16 21:17:32.053531,24.213052919840152,23.987575535745478,0.1481463588697188
2025-08-16 21:17:32.153531,24.003562643124415,23.983114849276355,0.14624248527678868
2025-08-16 21:17:32.253531,24.217004550102075,23.998585126252983,0.1536151767991571
2025-08-16 21:17:32.353531,24.027818998765117,24.00065649512831,0.15371606572157356
2025-08-16 21:17:32.453531,23.888423599759214,23.99293352105801,0.15527279685816875
2025-08-16 21:17:32.553531,23.924906613836857,23.982354888184222,0.15231167996964362
2025-08-16 21:17:32.653531,23.792019523115247,23.974237256465,0.15781374404472692
2025-08-16 21:17:32.753531,23.880913255273285,23.96370083147734,0.15665388346189008
2025-08-16 21:17:32.853531,23.960464163455505,23.963042830589483,0.15663845758950343
2025-08-16 21:17:32.953531,24.13473775290679,23.96998461782312,0.16095772434314912
2025-08-16 21:17:33.053531,24.272348808008232,23.976702332075014,0.17035873944383512
2025-08-16 21:17:33.153531,23.80693943936011,23.981317256825925,0.16434100527425238
2025-08-16 21:17:33.253531,24.073224120238987,23.994020338631767,0.1611031743597152
2025-08-16 21:17:33.353531,23.858251742459704,23.99736598290224,0.1575141450464527
2025-08-16 21:17:33.453531,24.085571229936146,24.018461665297913,0.13851578073748685
2025-08-16 21:17:33.553531,23.99473700239684,24.02259883205225,0.13649496919767384
2025-08-16 21:17:33.653531,23.739797459456202,24.00327961744377,0.1473770820681611
2025-08-16 21:17:33.753531,24.15371121540194,24.01241180871174,0.15071897460199396
2025-08-16 21:17:33.853531,23.923749893078693,24.00642421108444,0.15174015692674644
2025-08-16 21:17:33.953531,23.9344482975773,23.994284161404643,0.14723335432169035
2025-08-16 21:17:34.053531,23.854103804973214,23.976336705661293,0.1412270781056077
2025-08-16 21:17:34.153531,23.91645750849687,23.971981448929917,0.14166274266075224
2025-08-16 21:17:34.253531,24.07881689943757,23.965072066396694,0.1326252908009377
2025-08-16 21:17:34.353531,23.986280015526205,23.962995117234744,0.13194992997892607
2025-08-16 21:17:34.453531,24.063999300342374,23.9717739022639,0.13253589568184007
2025-08-16 21:17:34.553531,24.06902161142266,23.978979652143195,0.13370441100977626
2025-08-16 21:17:34.653531,24.21286591499589,24.000021971737226,0.1357259187289874
2025-08-16 21:17:34.753531,23.963382077370344,24.004145412842078,0.13327528662268626
2025-08-16 21:17:34.853531,23.793304660806474,23.995787437709627,0.14078258001113791
2025-08-16 21:17:34.953531,24.174950029152463,23.997798051521908,0.14302200694524758
2025-08-16 21:17:35.053531,23.965176774185412,23.98243944983077,0.12846676347262462
2025-08-16 21:17:35.153531,24.18212220001994,24.00119858786376,0.12886214110353275
2025-08-16 21:17:35.253531,24.072473233644036,24.001161043534015,0.12884125849691375
2025-08-16 21:17:35.353531,23.9953293704695,24.008014924934507,0.12463402907984689
2025-08-16 21:17:35.453531,24.06734971744028,24.007103849309708,0.12412933981815807
2025-08-16 21:17:35.553531,24.30771855068561,24.022752926724145,0.14026408082188194
2025-08-16 21:17:35.653531,24.326647079358064,24.052095407719243,0.1393822949849624
2025-08-16 21:17:35.753531,24.025540503603253,24.045686872129306,0.13749663397678982
2025-08-16 21:17:35.853531,24.039195255664225,24.051459140258583,0.13465021718069536
2025-08-16 21:17:35.953531,24.17663602361996,24.06356852656072,0.1344727834595132
2025-08-16 21:17:36.053531,23.88838417841823,24.065282545232968,0.13198748404132604
2025-08-16 21:17:36.153531,24.065227222559404,24.072721030936094,0.12750655061234697
2025-08-16 21:17:36.253531,24.011420572806923,24.069351214604563,0.12818968021901558
2025-08-16 21:17:36.353531,24.062419565051968,24.07315819208085,0.12678904613415523
2025-08-16 21:17:36.453531,23.890361345774256,24.064476294352446,0.13291586420563137
2025-08-16 21:17:36.553531,23.776964876003653,24.049873457581494,0.14692001873282298
2025-08-16 21:17:36.653531,23.70448581793464,24.02445445272843,0.15992395104884483
2025-08-16 21:17:36.753531,23.847859049718224,24.018678301345826,0.1640582556926076
2025-08-16 21:17:36.853531,23.9466987072591,24.026348003668456,0.15676631058020812
2025-08-16 21:17:36.953531,23.97155459533602,24.016178231977637,0.1533565768319797
2025-08-16 21:17:37.053531,24.306151341031097,24.03322696031992,0.16523239174990825
2025-08-16 21:17:37.153531,24.181499005486096,24.033195800593226,0.16520436634994937
2025-08-16 21:17:37.253531,23.87131966588209,24.02313812220513,0.16859532638429495
2025-08-16 21:17:37.353531,24.067822934534313,24.02676280040837,0.16873771385063918
2025-08-16 21:17:37.453531,23.95463826454745,24.021127227763728,0.16916970455272606
2025-08-16 21:17:37.553531,23.97307875762732,24.004395238110813,0.1560356783435344
2025-08-16 21:17:37.653531,24.043565514078974,23.990241159846857,0.13795360832987544
2025-08-16 21:17:37.753531,24.108675667546308,23.99439791804401,0.1401889933616128
2025-08-16 21:17:37.853531,23.96494456075073,23.990685383298334,0.13993643516040963
2025-08-16 21:17:37.953531,24.17544439657682,23.99062580194618,0.13985748086193628
2025-08-16 21:17:38.053531,23.84460926607864,23.9884370563292,0.14176987798516016
2025-08-16 21:17:38.153531,24.016884192687673,23.986019904835615,0.14084914333942844
2025-08-16 21:17:38.253531,24.405617725656043,24.00572976247807,0.16799065318153705
2025-08-16 21:17:38.353531,24.04946196139379,24.005081882295165,0.1677956447078852
2025-08-16 21:17:38.453531,24.23101550932426,24.02211459047266,0.17250949351041536
2025-08-16 21:17:38.553531,24.02979469339265,24.03475608134211,0.16308816061765408
2025-08-16 21:17:38.653531,24.103216564299473,24.054692618660354,0.14484716826774752
2025-08-16 21:17:38.753531,24.00761585417443,24.062680458883165,0.1374361720560377
2025-08-16 21:17:38.853531,23.990605529492036,24.064875799994812,0.13590817967903163
2025-08-16 21:17:38.953531,23.89927764049119,24.06126195225257,0.13926115239995884
2025-08-16 21:17:39.053531,24.080778537176965,24.04999331205986,0.12762127774595686
2025-08-16 21:17:39.153531,23.888536088288802,24.035345166199996,0.12849652423935434
2025-08-16 21:17:39.253531,24.116137785447016,24.047586072178245,0.12386553633250942
2025-08-16 21:17:39.353531,24.17912638400022,24.053151244651538,0.12710769488151863
2025-08-16 21:17:39.453531,24.07134637775225,24.05898665031178,0.12511445527936504
2025-08-16 21:17:39.553531,23.97346268996665,24.05900584692875,0.12510130151091023
2025-08-16 21:17:39.653531,24.084528170229635,24.06105397973628,0.1251670485676429
2025-08-16 21:17:39.753531,23.970165708334704,24.0541284817757,0.12616841982666172
2025-08-16 21:17:39.853531,24.156832068819774,24.06372285717915,0.12631757943093913
2025-08-16 21:17:39.953531,23.741822420701066,24.042041758385363,0.14157319753524686
2025-08-16 21:17:40.053531,23.96622556144887,24.048122573153876,0.13544157148777802
2025-08-16 21:17:40.153531,23.7179782007314,24.03317727355606,0.15336893694100331
2025-08-16 21:17:40.253531,23.792374208799256,24.00251509771322,0.13618213198795953
2025-08-16 21:17:40.353531,24.221246001138752,24.01110429970047,0.14406164891186035
2025-08-16 21:17:40.453531,24.15097774729575,24.007102411599046,0.13891697390897623
2025-08-16 21:17:40.553531,23.908811298340616,24.001053241846442,0.14042308695495936
2025-08-16 21:17:40.653531,23.79139114826053,23.985461971044494,0.1454358899183722
2025-08-16 21:17:40.753531,23.572120674323752,23.96368721205196,0.17086681830893105
2025-08-16 21:17:40.853531,23.935309007143438,23.96092238593453,0.17085626026153902
2025-08-16 21:17:40.953531,24.379928918503776,23.984954949835164,0.1928798007248775
2025-08-16 21:17:41.053531,24.082132640719546,23.98502265501229,0.1929136597792025
2025-08-16 21:17:41.153531,23.93299749042591,23.987245725119145,0.19204318810703414
2025-08-16 21:17:41.253531,24.08672869809171,23.985775270751382,0.1911612115390065
2025-08-16 21:17:41.353531,23.782856247050834,23.965961763903913,0.19062950349491037
2025-08-16 21:17:41.453531,23.972434828928687,23.961016186462736,0.18910829715597277
2025-08-16 21:17:41.553531,24.03198828761903,23.96394246634535,0.18973004802596175
2025-08-16 21:17:41.653531,24.004184902226843,23.959925302945212,0.1879768086902491
2025-08-16 21:17:41.753531,24.135754251586846,23.96820473010782,0.1918522331251948
2025-08-16 21:17:41.853531,24.068863450602077,23.963806299196932,0.18845564044555776
2025-08-16 21:17:41.953531,24.1174489027162,23.98258762329769,0.18406317025949007
2025-08-16 21:17:42.053531,23.913977490998718,23.97997521977518,0.18464671037718597
2025-08-16 21:17:42.153531,24.15193897792825,24.00167325863503,0.177960831559276
2025-08-16 21:17:42.253531,24.2616405421436,24.025136575302245,0.17974530634171607
2025-08-16 21:17:42.353531,23.871810905385622,24.007664820514584,0.1767925497417508
2025-08-16 21:17:42.453531,23.884212318309483,23.99432654906527,0.17553572976701687
2025-08-16 21:17:42.553531,24.21776765044803,24.009774366670644,0.18084471443783742
2025-08-16 21:17:42.653531,23.988731735329075,24.019641396024074,0.17391098465701604
2025-08-16 21:17:42.753531,24.22803987547665,24.052437356081718,0.146038392495331
2025-08-16 21:17:42.853531,23.95111964321617,24.053227887885352,0.14544379870882332
2025-08-16 21:17:42.953531,24.23579016977394,24.04602095044886,0.13202927631287026
2025-08-16 21:17:43.053531,24.037289539187483,24.04377879537226,0.131777508372002
2025-08-16 21:17:43.153531,24.056334323498405,24.049945637025882,0.129311789736273
2025-08-16 21:17:43.253531,24.252341036583818,24.058226253950487,0.13650463566190235
2025-08-16 21:17:43.353531,23.963401095050042,24.06725349635045,0.12332957048036193
2025-08-16 21:17:43.453531,23.87653168561126,24.06245833918458,0.12867167867337678
2025-08-16 21:17:43.553531,23.95044870212908,24.05838135991008,0.13084596237624094
2025-08-16 21:17:43.653531,24.085616759263136,24.062452952761895,0.13036223973773778
2025-08-16 21:17:43.753531,23.782936139172925,24.0448120471412,0.14255153605554502
2025-08-16 21:17:43.853531,24.113453968731,24.047041573047643,0.1432572225599223
2025-08-16 21:17:43.953531,23.937050969024003,24.038021676363037,0.1442161930037781
2025-08-16 21:17:44.053531,24.190071899110034,24.0518263967686,0.14489429089775652
2025-08-16 21:17:44.153531,23.658794287598262,24.0271691622521,0.1661594469700188
2025-08-16 21:17:44.253531,23.89998180040104,24.00908622516497,0.1591915797239442
2025-08-16 21:17:44.353531,23.765029777314886,24.003747168761436,0.16537655622112324
2025-08-16 21:17:44.453531,23.894098913378738,24.004241498514897,0.16503293294808816
2025-08-16 21:17:44.553531,24.05521655183301,23.99611394358415,0.15817731737947113
2025-08-16 21:17:44.653531,23.991216006182537,23.996238157126818,0.15817244685458084
2025-08-16 21:17:44.753531,23.980126697991132,23.983842498252546,0.14896727059765302
2025-08-16 21:17:44.853531,23.994288935959656,23.98600096288972,0.1487901404014272
2025-08-16 21:17:44.953531,24.048708236092992,23.976646866205673,0.1383035952813174
2025-08-16 21:17:45.053531,23.86695292704187,23.968130035598392,0.1395460833892856
2025-08-16 21:17:45.153531,24.124294112801522,23.97152802506355,0.14244972512125878
2025-08-16 21:17:45.253531,24.117699895557823,23.964795968012247,0.13180332700359051
2025-08-16 21:17:45.353531,24.07608902398175,23.97043036445883,0.13401335947479628
2025-08-16 21:17:45.453531,24.101846683079355,23.981696114332237,0.13511227828378175
2025-08-16 21:17:45.553531,24.062862700121297,23.98731681423185,0.13603057071715868
2025-08-16 21:17:45.653531,24.323694328742995,23.99922069270584,0.15341760492424011
2025-08-16 21:17:45.753531,24.005402541008788,24.010344012797635,0.145176422357082
2025-08-16 21:17:45.853531,23.972437517249812,24.003293190223577,0.14341109259411322
2025-08-16 21:17:45.953531,23.90550419627973,24.00171585158636,0.1443017195157964
2025-08-16 21:17:46.053531,23.863727266079994,23.98539861993486,0.14048087649573876
2025-08-16 21:17:46.153531,23.83192923185984,23.99405536714794,0.1245153024630098
2025-08-16 21:17:46.253531,23.885313736348696,23.99332196394532,0.12510902438520147
2025-08-16 21:17:46.353531,24.008064609418856,24.00547370555052,0.11362043968640043
2025-08-16 21:17:46.453531,24.068844269274656,24.014210973345318,0.11141740737776981
2025-08-16 21:17:46.553531,24.02640464211616,24.012770377859475,0.1110636068024946
2025-08-16 21:17:46.653531,23.90393637505221,24.008406396302956,0.11351252302008971
2025-08-16 21:17:46.753531,24.153827684602994,24.01709144563355,0.11758844878738689
2025-08-16 21:17:46.853531,24.129745234178475,24.023864260544492,0.11995715213238163
2025-08-16 21:17:46.953531,23.994919420553366,24.02117481976751,0.11997297315675373
2025-08-16 21:17:47.053531,23.92096257830029,24.02387530233043,0.11704326866248621
2025-08-16 21:17:47.153531,24.101197521457802,24.022720472763243,0.11615736098752938
2025-08-16 21:17:47.253531,24.04716270478958,24.019193613224832,0.11427558956743641
2025-08-16 21:17:47.353531,23.801780911087743,24.005478207580133,0.12276953116817406
2025-08-16 21:17:47.453531,24.008836294935673,24.000827688172947,0.12077644694446238
2025-08-16 21:17:47.553531,24.058372038477824,24.000603155090776,0.12066503304044816
2025-08-16 21:17:47.653531,23.884145782026838,23.978625727754967,0.09765123424104576
2025-08-16 21:17:47.753531,24.04760984225895,23.980736092817473,0.09865799726528043
2025-08-16 21:17:47.853531,23.800943293878,23.972161381648885,0.10617299073904236
2025-08-16 21:17:47.953531,24.219627915001826,23.987867567584992,0.11775332234902512
2025-08-16 21:17:48.053531,24.206425831092247,24.0050024958356,0.12324805946771983
2025-08-16 21:17:48.153531,23.98138906652122,24.012475487568672,0.11689482676386735
2025-08-16 21:17:48.253531,24.073818150675862,24.021900708285028,0.11382093966309793
2025-08-16 21:17:48.353531,23.65784503846335,24.004389729737255,0.13880139261175606
2025-08-16 21:17:48.453531,23.845914517626866,23.993243242154865,0.14209005125222718
2025-08-16 21:17:48.553531,23.975333161977183,23.990689668147915,0.14192997058718904
2025-08-16 21:17:48.653531,23.8586133801193,23.98842351840127,0.14364846576288035
2025-08-16 21:17:48.753531,24.126626139061266,23.987063441124185,0.1421974093077994
2025-08-16 21:17:48.853531,24.3190944796122,23.99653090339587,0.15692289888507904
2025-08-16 21:17:48.953531,23.843041125418935,23.988936988639146,0.16045234310064402
2025-08-16 21:17:49.053531,23.893947156053887,23.98758621752683,0.16113118014702132
2025-08-16 21:17:49.153531,24.05491725524649,23.985272204216265,0.15980988571094637
2025-08-16 21:17:49.253531,24.26130075560828,23.995979106757197,0.17041897830066727
2025-08-16 21:17:49.353531,23.83631051978568,23.997705587192094,0.16860813549043768
2025-08-16 21:17:49.453531,24.057055418346042,24.000116543362612,0.1690941043740504
2025-08-16 21:17:49.553531,24.292928160955302,24.011844349486488,0.18047859078541767
2025-08-16 21:17:49.653531,23.772002794439775,24.00623720010713,0.18601595086853834
2025-08-16 21:17:49.753531,23.827639618973127,23.99523868894284,0.1897109294508611
2025-08-16 21:17:49.853531,23.956292342364208,24.003006141367155,0.18471115100168461
2025-08-16 21:17:49.953531,23.941778404738354,23.989113665853978,0.17823131199226716
2025-08-16 21:17:50.053531,24.141790193163047,23.985881883957518,0.174814854637096
2025-08-16 21:17:50.153531,24.05618229130646,23.98962154519678,0.1754774812585659
2025-08-16 21:17:50.253531,23.753722357720346,23.973616755549006,0.18156035098851275
2025-08-16 21:17:50.353531,24.09731156043512,23.99559008164759,0.16810938511418078
2025-08-16 21:17:50.453531,23.933402500229988,23.99996448077775,0.16527206671606887
2025-08-16 21:17:50.553531,24.21123374920785,24.01175951013928,0.1713975887077143
2025-08-16 21:17:50.653531,23.92596186953446,24.01512693461004,0.16900049930966363
2025-08-16 21:17:50.753531,23.924641040868,24.00502767970038,0.16806830467353623
2025-08-16 21:17:50.853531,24.10133640828735,23.994139776134137,0.1538189826111439
2025-08-16 21:17:50.953531,24.13463897235054,24.008719668480715,0.15262099215103264
2025-08-16 21:17:51.053531,24.087448237923763,24.018394722574207,0.15116492144457075
2025-08-16 21:17:51.153531,23.767427069058947,24.00402021326483,0.16039560574830272
2025-08-16 21:17:51.253531,24.101005165989235,23.99600543378388,0.1510733392513617
2025-08-16 21:17:51.353531,23.865187125582175,23.997449264073705,0.14967169871704034
2025-08-16 21:17:51.453531,24.055658083404907,23.997379397326647,0.14964418186659273
2025-08-16 21:17:51.553531,23.80683983469014,23.97307498101339,0.13874613211385925
2025-08-16 21:17:51.653531,24.087381655464792,23.988843924064643,0.13279167591432864
2025-08-16 21:17:51.753531,23.89947683102056,23.992435784667013,0.1293085851616396
2025-08-16 21:17:51.853531,23.82810480246092,23.986026407671847,0.13403188519007173
2025-08-16 21:17:51.953531,24.127606353805692,23.995317805125215,0.13704950182379994
2025-08-16 21:17:52.053531,24.05681334491818,23.991068962712973,0.1337194463649679
2025-08-16 21:17:52.153531,23.92850347979107,23.984685022137203,0.13350606856437106
2025-08-16 21:17:52.253531,24.238310160686492,24.00891441228551,0.13336380664947198
2025-08-16 21:17:52.353531,23.954568803431204,24.001777274435312,0.1322570816908595
2025-08-16 21:17:52.453531,24.02551615109564,24.006382956978594,0.13139689711544453
2025-08-16 21:17:52.553531,24.06107035048512,23.99887478704246,0.12353183861804855
2025-08-16 21:17:52.653531,23.927816776547374,23.998967532393102,0.12347774664470966
2025-08-16 21:17:52.753531,24.09147044400999,24.007309002550205,0.1238094982536975
2025-08-16 21:17:52.853531,23.940815481258625,23.99928295619877,0.12265148268570272
2025-08-16 21:17:52.953531,23.959120918334236,23.990507053497954,0.11887370039514283
2025-08-16 21:17:53.053531,24.225296395970503,23.99739946140029,0.12794480631890895
2025-08-16 21:17:53.153531,23.864845425456465,24.002270379220164,0.12074895934899509
2025-08-16 21:17:53.253531,23.659049617027243,23.980172601772068,0.13962304999467648
2025-08-16 21:17:53.353531,24.262640549251785,24.000045272955546,0.14975979804603753
2025-08-16 21:17:53.453531,24.403432526224382,24.01743399509652,0.17351384389661828
2025-08-16 21:17:53.553531,23.960276276849267,24.025105817204476,0.1673142324705899
2025-08-16 21:17:53.653531,23.730574293906972,24.007265449126585,0.17837965288483154
2025-08-16 21:17:53.753531,23.974560736903943,24.011019644420756,0.17685521530739332
2025-08-16 21:17:53.853531,23.978233224190564,24.01852606550724,0.17205312063724204
2025-08-16 21:17:53.953531,23.99271142384666,24.011781319009287,0.17027970823656813
2025-08-16 21:17:54.053531,23.85422512704506,24.001651908115626,0.17329852159068768
2025-08-16 21:17:54.153531,24.108200838038137,24.010636776027983,0.1739302987670063
2025-08-16 21:17:54.253531,24.099976106292914,24.003720073308305,0.1673655440799673
2025-08-16 21:17:54.353531,23.79717249036044,23.99585025765477,0.17309417720222714
2025-08-16 21:17:54.453531,24.1262461764209,24.00088675892103,0.1753350488526815
2025-08-16 21:17:54.553531,24.329302747291884,24.014298378761367,0.18914084076590654
2025-08-16 21:17:54.653531,24.047227383198894,24.020268909093943,0.18819902498092167
2025-08-16 21:17:54.753531,23.970867892356388,24.014238781511263,0.18775263156377042
2025-08-16 21:17:54.853531,24.000199517838873,24.017207983340274,0.18703620102761767
2025-08-16 21:17:54.953531,24.113821848378617,24.024943029842493,0.1876718309717365
2025-08-16 21:17:55.053531,23.76196592584058,24.001776506336,0.19009156379078412
2025-08-16 21:17:55.153531,24.046258605446596,24.010847165335505,0.18765381046294657
2025-08-16 21:17:55.253531,23.963063740913913,24.026047871529837,0.17002640425870807
2025-08-16 21:17:55.353531,24.298840418610077,24.027857864997753,0.17270693674064183
2025-08-16 21:17:55.453531,23.995574089929256,24.007464943182995,0.14970340856857775
2025-08-16 21:17:55.553531,24.271916475001262,24.023046953090596,0.15985525836463643
2025-08-16 21:17:55.653531,23.856205561999367,24.029328516495216,0.15042950262027946
2025-08-16 21:17:55.753531,24.109888875020417,24.03609492340104,0.15085679991431447
2025-08-16 21:17:55.853531,24.069743372902018,24.040670430836613,0.15041958286077547
2025-08-16 21:17:55.953531,23.89150957948695,24.03561033861863,0.15361605071069068
2025-08-16 21:17:56.053531,24.04850941719554,24.045324553126154,0.14787432040411647
2025-08-16 21:17:56.153531,24.203811158858073,24.05010506916715,0.15133469579368128
2025-08-16 21:17:56.253531,23.973397911023678,24.043776159403684,0.1517629020561149
2025-08-16 21:17:56.353531,23.768205602624533,24.042327815016893,0.15422765266945512
2025-08-16 21:17:56.453531,24.019398909361716,24.03698545166393,0.15307449222004677
2025-08-16 21:17:56.553531,23.88670320244779,24.01485547442173,0.14070832218100746
2025-08-16 21:17:56.653531,23.970748859200416,24.0110315482218,0.14081577387079766
2025-08-16 21:17:56.753531,24.009895167880565,24.012982911998012,0.1405157747572666
2025-08-16 21:17:56.853531,23.76631883426434,24.001288877819285,0.1504723234490637
2025-08-16 21:17:56.953531,23.7798512491019,23.984590347855452,0.15550442732816003
2025-08-16 21:17:57.053531,24.09454335866216,24.00121921949653,0.1484301489320986
2025-08-16 21:17:57.153531,23.943858862241214,23.99609923233626,0.14855429330170233
2025-08-16 21:17:57.253531,23.637588348726915,23.97982546272691,0.16785552710503948
2025-08-16 21:17:57.353531,24.140059938824553,23.971886438737634,0.15590919517611884
2025-08-16 21:17:57.453531,24.063222129957804,23.975268840739062,0.15711553608968984
2025-08-16 21:17:57.553531,23.91531877639453,23.957438955808726,0.14194046797583088
2025-08-16 21:17:57.653531,23.824908801674596,23.955874117792483,0.1432146983302114
2025-08-16 21:17:57.753531,24.147837851113817,23.957771566597152,0.14547620416817814
2025-08-16 21:17:57.853531,24.074902593384067,23.958029527621257,0.14567895879893097
2025-08-16 21:17:57.953531,24.37992367573594,23.982450232433706,0.17118550361781995
2025-08-16 21:17:58.053531,24.085594956475408,23.9843045093977,0.17208948025994966
2025-08-16 21:17:58.153531,24.080755471189303,23.978151725014264,0.16623150544987078
2025-08-16 21:17:58.253531,23.99759414381705,23.979361536653933,0.16628054668240455
2025-08-16 21:17:58.353531,24.145183046746784,23.998210408860043,0.16260208319157723
2025-08-16 21:17:58.453531,24.116462780187224,24.00306360240132,0.16459835208543705
2025-08-16 21:17:58.553531,24.210492084618114,24.019253046509835,0.16824048572377248
2025-08-16 21:17:58.653531,23.944568228871074,24.01794401499337,0.16871397619349465
2025-08-16 21:17:58.753531,23.957488879058406,24.01532370055226,0.1692248258716849
2025-08-16 21:17:58.853531,23.950967857696536,24.02455615172387,0.1601833826912047
2025-08-16 21:17:58.953531,24.141486924843512,24.04263793551095,0.15172798358322737
2025-08-16 21:17:59.053531,24.24765616604451,24.05029357588007,0.15789137806638393
2025-08-16 21:17:59.153531,23.95410725936094,24.050805995736052,0.1575614091537001
2025-08-16 21:17:59.253531,23.9592506074977,24.066889108674594,0.1282521321401422
2025-08-16 21:17:59.353531,24.07011158358047,24.06339169091239,0.12715816200886618
2025-08-16 21:17:59.453531,23.9861691083314,24.05953903983107,0.12826737765541305
2025-08-16 21:17:59.553531,24.16587471463765,24.072066836743225,0.12578141374093582
2025-08-16 21:17:59.653531,23.685333406407143,24.065088066979854,0.14211278410925648
2025-08-16 21:17:59.753531,23.8991275762958,24.05265255323895,0.1451763386023242
2025-08-16 21:17:59.853531,23.905804216572452,24.04419763439837,0.14851987113560966
2025-08-16 21:17:59.953531,23.675146598142078,24.008958780518675,0.14829264960160135
2025-08-16 21:18:00.053531,23.878687566678014,23.998613411028806,0.14979505178907965
2025-08-16 21:18:00.153531,23.88599324928978,23.98887529993383,0.15046769045854985
2025-08-16 21:18:00.253531,23.993134301822174,23.988652307834087,0.15045790836434839
2025-08-16 21:18:00.353531,24.190278217082373,23.990907066350864,0.15310145331180877
2025-08-16 21:18:00.453531,23.986607568988063,23.98441430579091,0.15036825292105163
2025-08-16 21:18:00.553531,23.868777941959326,23.96732859865797,0.14293956914141367
2025-08-16 21:18:00.653531,24.014890152151303,23.97084469482198,0.14320112025047774
2025-08-16 21:18:00.753531,24.18084270988287,23.982012386363206,0.1502593855051084
2025-08-16 21:18:00.853531,23.877106177582764,23.978319302357512,0.151876007179959
2025-08-16 21:18:00.953531,23.886947100745115,23.965592311152598,0.14829229771564084
2025-08-16 21:18:01.053531,24.1073490105578,23.958576953378262,0.1377248615776047
2025-08-16 21:18:01.153531,23.99036958264038,23.960390069542235,0.13789267479415265
2025-08-16 21:18:01.253531,24.120756036939753,23.968465341014333,0.1422496995034361
2025-08-16 21:18:01.353531,24.021619647897374,23.96604074423018,0.14090340458935735
2025-08-16 21:18:01.453531,24.128949547213438,23.973179766174283,0.14529112203764047
2025-08-16 21:18:01.553531,23.868471616227236,23.95830961125376,0.13992859361366056
2025-08-16 21:18:01.653531,24.021953969048425,23.975140639385824,0.12559242650752225
2025-08-16 21:18:01.753531,23.992196497845526,23.979794085463315,0.12440839546841308
2025-08-16 21:18:01.853531,23.841449694717713,23.976576359370576,0.1270839430826381
2025-08-16 21:18:01.953531,23.789344974486365,23.982286278187793,0.11544483506463979
2025-08-16 21:18:02.053531,24.126762355291202,23.99469001761845,0.11696447914933081
2025-08-16 21:18:02.153531,23.971290476000636,23.998954878953988,0.11445142155344537
2025-08-16 21:18:02.253531,23.870624624419566,23.992829395083863,0.1178276075395617
2025-08-16 21:18:02.353531,24.0095731594615,23.983794142202818,0.1089331222389162
2025-08-16 21:18:02.453531,24.193236161935726,23.9941255718502,0.1181210772687785
2025-08-16 21:18:02.553531,23.681955989860878,23.984784474245277,0.13398590885118436
2025-08-16 21:18:02.653531,23.7996041965145,23.974020176463437,0.13966253196492748
2025-08-16 21:18:02.753531,23.88570036704904,23.959263059321746,0.13243523605433696
2025-08-16 21:18:02.853531,24.243343496674715,23.977574925276347,0.144573041738455
2025-08-16 21:18:02.953531,24.066588047437897,23.986556972610984,0.14424348820682398
2025-08-16 21:18:03.053531,24.139330919402518,23.988156068053218,0.14574321563347206
2025-08-16 21:18:03.153531,23.853242528797733,23.981299715361086,0.14867384942324624
2025-08-16 21:18:03.253531,23.856369618709422,23.968080394449572,0.1474351933156418
2025-08-16 21:18:03.353531,24.091505390841743,23.97157468159679,0.14947672089354466
2025-08-16 21:18:03.453531,24.033107816306984,23.966782595051466,0.14584683717036417
2025-08-16 21:18:03.553531,24.10671082282962,23.978694555381587,0.14705491536253032
2025-08-16 21:18:03.653531,23.996282684694066,23.977410991163868,0.14678351019878072
2025-08-16 21:18:03.753531,24.06618822563486,23.98111057755333,0.14803665503667288
2025-08-16 21:18:03.853531,24.048217862735765,23.991448985954236,0.14511333440690508
2025-08-16 21:18:03.953531,24.141198441696073,24.009041659314722,0.1408095205193924
2025-08-16 21:18:04.053531,24.145617908958336,24.009984436998078,0.14165513659736245
2025-08-16 21:18:04.153531,23.781619200841234,24.00050087324011,0.15002970594595702
2025-08-16 21:18:04.253531,23.687543050032204,23.99134679452074,0.16272324192934487
2025-08-16 21:18:04.353531,24.174928476314395,23.999614560363383,0.16756789426238386
2025-08-16 21:18:04.453531,24.20285876398929,24.00009569046606,0.1681359919438973
2025-08-16 21:18:04.553531,23.871639880406335,24.009579884993336,0.15473901622724287
2025-08-16 21:18:04.653531,23.745791355684823,24.006889242951853,0.15878177952935504
2025-08-16 21:18:04.753531,24.03965522315108,24.014586985756956,0.1564344640960143
2025-08-16 21:18:04.853531,24.164459067285915,24.010642764287514,0.1515347803335416
2025-08-16 21:18:04.953531,24.294505845031814,24.02203865416721,0.16341769194223946
2025-08-16 21:18:05.053531,24.102344635815218,24.020189339987844,0.16228524528439298
2025-08-16 21:18:05.153531,23.96917582884548,24.025986004990234,0.15823860634969059
2025-08-16 21:18:05.253531,23.890997073428938,24.02771737772621,0.15655374011947626
2025-08-16 21:18:05.353531,24.026717693750598,24.02447799287165,0.15586912577127493
2025-08-16 21:18:05.453531,23.980143627750543,24.021829783443827,0.15614968606896415
2025-08-16 21:18:05.553531,23.872806480807345,24.010134566342714,0.15810156245422335
2025-08-16 21:18:05.653531,24.33241334762949,24.026941099489488,0.17290815887683977
2025-08-16 21:18:05.753531,24.292908593644153,24.038277117889955,0.18228725859153122
2025-08-16 21:18:05.853531,24.19557396919998,24.045644923213164,0.18548998393642063
2025-08-16 21:18:05.953531,23.887072440328634,24.03293862314479,0.18720529359767088
2025-08-16 21:18:06.053531,24.153486231977926,24.033332039295768,0.18744978634802212
2025-08-16 21:18:06.153531,24.12121062809135,24.050311610658277,0.1790733961942956
2025-08-16 21:18:06.253531,24.09168184363061,24.0705185503382,0.15863317494523782
2025-08-16 21:18:06.353531,24.212783123389897,24.072411282691974,0.16008682195173
2025-08-16 21:18:06.453531,24.120672338095858,24.0683019613973,0.15772296359660468
2025-08-16 21:18:06.553531,24.136402135445653,24.081540074149267,0.1516554271918717
2025-08-16 21:18:06.653531,24.120969275839162,24.10029897015698,0.13072431073481128
2025-08-16 21:18:06.753531,24.076585377866984,24.10214547789278,0.1301140628321639
2025-08-16 21:18:06.853531,23.757958330542873,24.081820441055626,0.14914976591717993
2025-08-16 21:18:06.953531,24.038076494944914,24.06899897355128,0.14112117216075246
2025-08-16 21:18:07.053531,23.942137872839297,24.060988635402484,0.14352738414277544
2025-08-16 21:18:07.153531,23.833623856354,24.054211036777907,0.1507230298293732
2025-08-16 21:18:07.253531,24.277905826228455,24.073556474417888,0.15334018981737177
2025-08-16 21:18:07.353531,24.28501596779952,24.086471388120334,0.15960100599816993
2025-08-16 21:18:07.453531,24.229583090044343,24.098943361235023,0.16054812154731632
2025-08-16 21:18:07.553531,24.064015345861716,24.108503804487743,0.15227738221942866
2025-08-16 21:18:07.653531,24.228360434809563,24.103301158846744,0.14619452804412178
2025-08-16 21:18:07.753531,24.027607977090273,24.09003612801905,0.14030610431795557
2025-08-16 21:18:07.853531,24.056252924868,24.08307007580245,0.13833810201855745
2025-08-16 21:18:07.953531,23.86184596109737,24.08180875184089,0.14022157937616705
2025-08-16 21:18:08.053531,24.085448695674827,24.078406875025735,0.13926341213146018
2025-08-16 21:18:08.153531,24.034991222596997,24.074095904751015,0.13920614704010975
2025-08-16 21:18:08.253531,23.830568849141496,24.061040255026562,0.1488546588535352
2025-08-16 21:18:08.353531,24.01832043322751,24.05131712051844,0.14492454716682462
2025-08-16 21:18:08.453531,24.014073898754813,24.04598719855139,0.14423439905736835
2025-08-16 21:18:08.553531,24.29570084166336,24.053952133862275,0.1531313939532553
2025-08-16 21:18:08.653531,24.160231999277013,24.055915270034166,0.15422572915739133
2025-08-16 21:18:08.753531,24.027850149197054,24.05347850860067,0.154264894290095
2025-08-16 21:18:08.853531,24.063484763136827,24.068754830230368,0.13857376765581433
2025-08-16 21:18:08.953531,24.032831856715628,24.068492598318905,0.13863652226330878
2025-08-16 21:18:09.053531,23.995796235614,24.07117551645764,0.13667058747404537
2025-08-16 21:18:09.153531,23.863902587058426,24.07268945299286,0.13417571046525104
2025-08-16 21:18:09.253531,24.00364221835896,24.058976272599384,0.12628443293090827
2025-08-16 21:18:09.353531,23.914418594835457,24.040446403951183,0.11872047375359057
2025-08-16 21:18:09.453531,23.838819335828195,24.020908216240375,0.11813911095793697
2025-08-16 21:18:09.553531,24.10308327218213,24.022861612556394,0.11915435174808503
2025-08-16 21:18:09.653531,24.08512303232332,24.015699742432083,0.11058391871798631
2025-08-16 21:18:09.753531,23.758460539961455,24.00224237057564,0.12389193792775807
2025-08-16 21:18:09.853531,24.00809730437573,23.99983458955103,0.12328532713901774
2025-08-16 21:18:09.953531,24.17588854121832,24.01553671855708,0.12470132977723306
2025-08-16 21:18:10.053531,24.185450227501114,24.02053679514839,0.1293234962454603
2025-08-16 21:18:10.153531,24.180475526432783,24.02781101034018,0.13394112825825064
2025-08-16 21:18:10.253531,24.032470314368553,24.037906083601534,0.12607211143994757
2025-08-16 21:18:10.353531,23.899909867471294,24.03198555531372,0.12958430663473133
2025-08-16 21:18:10.453531,23.864145175896294,24.024489119170795,0.13464165123495006
2025-08-16 21:18:10.553531,24.078424069045887,24.013625280539923,0.12032460379119503
2025-08-16 21:18:10.653531,24.083658671821443,24.009796614167144,0.11676433054272427
2025-08-16 21:18:10.753531,24.219899666740762,24.01939909004433,0.12542953987320066
2025-08-16 21:18:10.853531,24.191830280884645,24.02581636593172,0.1306936742658869
2025-08-16 21:18:10.953531,24.00703236818699,24.024526391505287,0.1307453767141064
2025-08-16 21:18:11.053531,23.84026911817087,24.01675003563313,0.13671191560144902
2025-08-16 21:18:11.153531,23.979067343781697,24.022508273469292,0.13251366986431534
2025-08-16 21:18:11.253531,24.059551345888245,24.02530372984576,0.13267581235287992
2025-08-16 21:18:11.353531,23.996687513191592,24.029417175763566,0.13043051591037
2025-08-16 21:18:11.453531,23.940349217121682,24.03449366982824,0.12476628920540574
2025-08-16 21:18:11.553531,24.064999388912153,24.032589475664743,0.12399316204518163
2025-08-16 21:18:11.653531,23.95150633878841,24.025908640987996,0.12458092031892269
2025-08-16 21:18:11.753531,23.932923420774525,24.034631785028647,0.11090626982875335
2025-08-16 21:18:11.853531,24.07388459181218,24.03792114940047,0.11104600838481754
2025-08-16 21:18:11.953531,23.96690111298062,24.027471777988588,0.10734276330382068
2025-08-16 21:18:12.053531,24.06384899168009,24.021391716197535,0.10150767084607772
2025-08-16 21:18:12.153531,24.068247270094485,24.01578030338062,0.09548145631165761
2025-08-16 21:18:12.253531,23.856385649836263,24.006976070154007,0.10146723082982803
2025-08-16 21:18:12.353531,23.955147164753523,24.009737935018116,0.09924275398562796
2025-08-16 21:18:12.453531,24.243033207654136,24.02868233660601,0.10560163589362338
2025-08-16 21:18:12.553531,23.853088073089857,24.01741553680821,0.11154694078014152
2025-08-16 21:18:12.653531,23.709935165987755,23.998729361516524,0.1288462189028129
2025-08-16 21:18:12.753531,23.748189893680287,23.975143872863498,0.12937449092492417
2025-08-16 21:18:12.853531,24.0318664919865,23.967145683418593,0.1203619984573198
2025-08-16 21:18:12.953531,24.03217092503824,23.968402611261155,0.12090201622112214
2025-08-16 21:18:13.053531,24.009925038352897,23.976885407270256,0.1175186610424241
2025-08-16 21:18:13.153531,24.209728474339276,23.988418463798137,0.12801633080231434
2025-08-16 21:18:13.253531,23.626708168367895,23.966776304922117,0.14902523429460365
2025-08-16 21:18:13.353531,24.087056747831287,23.971294766654104,0.15121752275597072
2025-08-16 21:18:13.453531,24.261915730270534,23.987373092311547,0.16365626326352475
2025-08-16 21:18:13.553531,23.858566218599577,23.977051433795918,0.16493969901282973
2025-08-16 21:18:13.653531,23.970795689898186,23.978015901351405,0.16484387533486305
2025-08-16 21:18:13.753531,23.914866212415706,23.977113040933467,0.16513756583190428
2025-08-16 21:18:13.853531,23.893681426421704,23.968102882663942,0.16452670834509733
2025-08-16 21:18:13.953531,23.97892736591321,23.968704195310572,0.16454319323914873
2025-08-16 21:18:14.053531,24.242022792552675,23.9776128853542,0.17400466617063004
2025-08-16 21:18:14.153531,24.30354133465646,23.989377588582297,0.18718961970545772
2025-08-16 21:18:14.253531,23.977575782910645,23.995437095236017,0.18473185282151994
2025-08-16 21:18:14.353531,24.31375903210967,24.013367688603825,0.19695083172758113
2025-08-16 21:18:14.453531,24.033369804881026,24.00288451846517,0.18990109257920446
2025-08-16 21:18:14.553531,24.29112032067183,24.02478613084427,0.1965064616477122
2025-08-16 21:18:14.653531,24.014105202551974,24.03999463267248,0.1828459421189075
2025-08-16 21:18:14.753531,24.047792007240254,24.054974738350477,0.17015808723307774
2025-08-16 21:18:14.853531,24.082987837563092,24.057530805629305,0.1701757277192013
2025-08-16 21:18:14.953531,24.50502805190513,24.08117366197265,0.19591152784543073
2025-08-16 21:18:15.053531,24.15592616956005,24.088473718533006,0.19584078857095003
2025-08-16 21:18:15.153531,23.92217698717395,24.074096144174742,0.1969631797479343
2025-08-16 21:18:15.253531,24.17364968054138,24.101443219783416,0.16892121511935468
2025-08-16 21:18:15.353531,23.97405845277068,24.095793305030387,0.17118250727006418
2025-08-16 21:18:15.453531,23.954904139231484,24.080442725478434,0.16935307893946408
2025-08-16 21:18:15.553531,24.164690203983817,24.095748924747646,0.16229481900755685
2025-08-16 21:18:15.653531,24.033096171499004,24.098863948827685,0.16045406735633427
2025-08-16 21:18:15.753531,24.070253053843437,24.106633290899076,0.15502682306724358
2025-08-16 21:18:15.853531,24.030597783279795,24.113479108741977,0.1483512579660555
2025-08-16 21:18:15.953531,24.07902080232415,24.118483780562524,0.14538641328964103
2025-08-16 21:18:16.053531,24.092311551282087,24.110998218498995,0.1426615941131996
2025-08-16 21:18:16.153531,23.73805496009419,24.082723899770883,0.15701459949914698
2025-08-16 21:18:16.253531,24.12861923362476,24.090276072306587,0.15539968437993693
2025-08-16 21:18:16.353531,23.88136375369212,24.068656308385712,0.15286148596266796
2025-08-16 21:18:16.453531,23.812355129666088,24.057605574624965,0.16268611808706238
2025-08-16 21:18:16.553531,24.019971646754534,24.0440481409291,0.1537118336534322
2025-08-16 21:18:16.653531,24.041363817163834,24.045411071659693,0.15356106774405778
2025-08-16 21:18:16.753531,23.924774075314158,24.039260175063387,0.15579007927146082
2025-08-16 21:18:16.853531,24.15348811198353,24.04278518878441,0.15752751738328785
2025-08-16 21:18:16.953531,23.82754039171103,24.008910805774704,0.1236953427446161
2025-08-16 21:18:17.053531,23.967858437684118,23.999507419180908,0.11922962351748198
2025-08-16 21:18:17.153531,23.941202213093383,24.00045868047688,0.11868350050952159
2025-08-16 21:18:17.253531,24.021978576115764,23.992875125255598,0.11203420082121031
2025-08-16 21:18:17.353531,24.070829642697085,23.99771368475192,0.11320067348277858
2025-08-16 21:18:17.453531,23.877849390889804,23.993860947334834,0.11587186232696572
2025-08-16 21:18:17.553531,24.1377090682851,23.9925118905499,0.11401732707616931
2025-08-16 21:18:17.653531,24.038550355250205,23.99278459973746,0.11412054732555169
2025-08-16 21:18:17.753531,23.74534139533655,23.976539016812115,0.1245829814157185
2025-08-16 21:18:17.853531,23.73537795060711,23.961778025178482,0.13440553509984815
2025-08-16 21:18:17.953531,24.027352106060604,23.959194590365303,0.1326117577538951
2025-08-16 21:18:18.053531,23.99608823566538,23.954383424584467,0.1294016296937451
2025-08-16 21:18:18.153531,24.013753649630473,23.96816835906128,0.11996290386003684
2025-08-16 21:18:18.253531,24.025102631520465,23.962992528956068,0.11506155090588534
2025-08-16 21:18:18.353531,24.06316730925986,23.97208270673445,0.1154344647309309
2025-08-16 21:18:18.453531,24.171514108143914,23.990040655658344,0.11711373517980253
2025-08-16 21:18:18.553531,23.862734264862365,23.982178786563736,0.120080683823747
2025-08-16 21:18:18.653531,23.853637594398215,23.972792475425457,0.12240206821211634
2025-08-16 21:18:18.753531,23.86546808798356,23.969827176058924,0.1242340982653183
2025-08-16 21:18:18.853531,24.072837500075305,23.965794645463514,0.11942294269635352
2025-08-16 21:18:18.953531,24.2162754401303,23.985231397884476,0.1267492461058293
2025-08-16 21:18:19.053531,23.96486575093074,23.98508176354681,0.12677143207145336
2025-08-16 21:18:19.153531,23.65434502337605,23.97073890406094,0.14573382307739802
2025-08-16 21:18:19.253531,23.774034403941776,23.958341695452244,0.15128785220964813
2025-08-16 21:18:19.353531,23.904711158247267,23.950035771229754,0.1494327964715073
2025-08-16 21:18:19.453531,23.946040666875717,23.95344533502905,0.14852201824512232
2025-08-16 21:18:19.553531,23.968475039245124,23.94498363357705,0.14248097396813886
2025-08-16 21:18:19.653531,24.035553835113806,23.94483380757023,0.14238404754453524
2025-08-16 21:18:19.753531,23.983038050376635,23.956718640322233,0.13496327214135648
2025-08-16 21:18:19.853531,24.187234274914843,23.979311456537623,0.13383548604897016
2025-08-16 21:18:19.953531,23.92846407081446,23.97436705477531,0.1337959933951357
2025-08-16 21:18:20.053531,23.90055230607867,23.969590258295977,0.1346379977394214
2025-08-16 21:18:20.153531,24.1017646641114,23.973990809020023,0.13741909987163564
2025-08-16 21:18:20.253531,23.799620356177748,23.962716695252887,0.14193849086682175
2025-08-16 21:18:20.353531,24.088453755798003,23.963981017579794,0.1429367370748752
2025-08-16 21:18:20.453531,24.04541631089227,23.957676127717214,0.13626901825184662
2025-08-16 21:18:20.553531,24.00795029317894,23.964936929133042,0.13487847425608218
2025-08-16 21:18:20.653531,24.26834141607239,23.98567212021675,0.14746386576886397
2025-08-16 21:18:20.753531,23.936802216539125,23.98923882664453,0.14536104436461966
2025-08-16 21:18:20.853531,24.33921139224528,24.002557521253028,0.16348409254844493
2025-08-16 21:18:20.953531,23.996385282615787,23.991563013377302,0.1559625169615656
2025-08-16 21:18:21.053531,23.8386808665878,23.985253769160156,0.15942870031345033
2025-08-16 21:18:21.153531,24.04075460381589,24.004574248182145,0.14043937056449515
2025-08-16 21:18:21.253531,23.868863219952186,24.009315688982667,0.1340305141142493
2025-08-16 21:18:21.353531,23.91756995616131,24.00995862887837,0.13355719345676695
2025-08-16 21:18:21.453531,24.08992166166899,24.017152678618032,0.13379536094243719
2025-08-16 21:18:21.553531,24.11373731329752,24.024415792320653,0.1348940315326178
2025-08-16 21:18:21.653531,23.937108178295198,24.019493509479723,0.13618773457339775
2025-08-16 21:18:21.753531,24.178577438423627,24.029270478882072,0.14018004392577055
2025-08-16 21:18:21.853531,24.20412616370317,24.030115073321486,0.14117658749991974
2025-08-16 21:18:21.953531,24.245978596817828,24.045990799621656,0.14660149008739334
2025-08-16 21:18:22.053531,24.109978677735523,24.0564621182045,0.14328102819303892
2025-08-16 21:18:22.153531,24.235114306812854,24.063129600339572,0.14825050392318648
2025-08-16 21:18:22.253531,23.748513569137227,24.060574260987543,0.15313062535238814
2025-08-16 21:18:22.353531,23.982980684372396,24.055300607416264,0.15389396298710173
2025-08-16 21:18:22.453531,23.900649211551485,24.048062252449228,0.1575497566088363
2025-08-16 21:18:22.553531,24.048617212502442,24.050095598415403,0.15728114396485526
2025-08-16 21:18:22.653531,23.945049283787156,24.03393099180114,0.15048667151780906
2025-08-16 21:18:22.753531,24.00587632370754,24.03738469715956,0.14900323316862485
2025-08-16 21:18:22.853531,24.31315956536394,24.036082105815495,0.14645097457454026
2025-08-16 21:18:22.953531,24.005408697203613,24.036533276544883,0.14634184435762637
2025-08-16 21:18:23.053531,24.092968847578533,24.049247675594422,0.1394856599955895
2025-08-16 21:18:23.153531,23.996092933844697,24.047014592095863,0.13996044940484342
2025-08-16 21:18:23.253531,24.042323659860195,24.055687614091262,0.13389514837925193
2025-08-16 21:18:23.353531,24.03190250206541,24.061404241386466,0.1302677747486743
2025-08-16 21:18:23.453531,24.098281943229306,24.061822255464484,0.1303719850423546
2025-08-16 21:18:23.553531,24.205862796998744,24.066428529649546,0.1337096179816549
2025-08-16 21:18:23.653531,24.2782090996405,24.08348357571681,0.13781781514742195
2025-08-16 21:18:23.753531,24.077576345619708,24.07843352107661,0.13608030626172712
2025-08-16 21:18:23.853531,24.11959869957201,24.074207147870055,0.13339709178730072
2025-08-16 21:18:23.953531,23.858570323622164,24.054836734210273,0.1351638325768468
2025-08-16 21:18:24.053531,24.01805182197099,24.050240391422044,0.13477299455554934
2025-08-16 21:18:24.153531,24.172310086399207,24.047100180401365,0.13111076015419168
2025-08-16 21:18:24.253531,24.161195295762575,24.06773426673263,0.11383080626807401
2025-08-16 21:18:24.353531,24.06307479325259,24.07173897217664,0.11217549571300196
2025-08-16 21:18:24.453531,24.16432576060186,24.084922799629158,0.10665157707304213
2025-08-16 21:18:24.553531,24.105015006349074,24.08774268932149,0.10639965775322467
2025-08-16 21:18:24.653531,24.211479272072232,24.101064188735744,0.10435943426328391
2025-08-16 21:18:24.753531,24.074870540210235,24.104513899560878,0.10227541197031866
2025-08-16 21:18:24.853531,23.978145252664348,24.087763183925897,0.09381617383168003
2025-08-16 21:18:24.953531,24.081909521873285,24.091588225159384,0.0919208557716105
2025-08-16 21:18:25.053531,23.59197751028875,24.066538658294895,0.14248652897887804
2025-08-16 21:18:25.153531,24.08903286045776,24.071185654625545,0.14162621867942907
2025-08-16 21:18:25.253531,23.484371409551116,24.043288042110092,0.19093351253090893
2025-08-16 21:18:25.353531,23.773147155555854,24.030350274784617,0.19982628402522915
2025-08-16 21:18:25.453531,24.099465290141147,24.030409442130207,0.19984656358081185
2025-08-16 21:18:25.553531,24.10336273392335,24.025284438976435,0.19656881357472364
2025-08-16 21:18:25.653531,23.857402349645678,24.004244101476694,0.1908069135680658
2025-08-16 21:18:25.753531,23.92498469371816,23.996614518881618,0.19077287417018918
2025-08-16 21:18:25.853531,24.237414481625454,24.00250530798429,0.19622070173855363
2025-08-16 21:18:25.953531,23.959262146930765,24.007539899149723,0.19373913194111453
2025-08-16 21:18:26.053531,24.368338046860448,24.025054210394195,0.20912039663895607
2025-08-16 21:18:26.153531,24.031645355356883,24.018020973842077,0.20639726592843102
2025-08-16 21:18:26.253531,24.093172093198856,24.014619813713892,0.2045622245349144
2025-08-16 21:18:26.353531,24.274531159774792,24.025192632040003,0.21211841117114605
2025-08-16 21:18:26.453531,24.051687400762347,24.019560714048026,0.20983255019852043
2025-08-16 21:18:26.553531,23.881715069563047,24.008395717208725,0.21092650675041383
2025-08-16 21:18:26.653531,24.015640882245858,23.998603797717408,0.20575370633509346
2025-08-16 21:18:26.753531,24.02679172290482,23.996199856852137,0.20512851068230167
2025-08-16 21:18:26.853531,23.82745541883643,23.988665365160738,0.2083947531996278
2025-08-16 21:18:26.953531,23.993825189298875,23.98426114853202,0.20730553197690083
2025-08-16 21:18:27.053531,23.92090451923372,24.000707498979267,0.18764722653779561
2025-08-16 21:18:27.153531,24.17092033024478,24.00480187246862,0.19040291398876386
2025-08-16 21:18:27.253531,24.037491781127788,24.032457891047454,0.1483221239787346
2025-08-16 21:18:27.353531,23.989913970961197,24.04329623181772,0.13641986369538409
2025-08-16 21:18:27.453531,24.016439377073283,24.039144936164327,0.13590975804465305
2025-08-16 21:18:27.553531,24.065868302760926,24.037270214606203,0.13526809819575852
2025-08-16 21:18:27.653531,24.1249554632868,24.050647870288262,0.12994348547536627
2025-08-16 21:18:27.753531,23.88250983236626,24.048524127220666,0.1323055457091575
2025-08-16 21:18:27.853531,23.876261855106808,24.030466495894736,0.12991695654003924
2025-08-16 21:18:27.953531,24.198235215643713,24.04241514933038,0.1337514840233319
2025-08-16 21:18:28.053531,23.970716135835957,24.02253405377916,0.11153453361272948
2025-08-16 21:18:28.153531,23.82007368611047,24.01195547031684,0.11988913625989647
2025-08-16 21:18:28.253531,24.099205239740797,24.012257127643934,0.1201005125618112
2025-08-16 21:18:28.353531,24.10217213757157,24.003639176533774,0.10637065427211313
2025-08-16 21:18:28.453531,23.80309271141149,23.99120944206623,0.11426167525648767
2025-08-16 21:18:28.553531,24.067155590652874,24.000481468120718,0.11251088817989345
2025-08-16 21:18:28.653531,24.143104130530922,24.006854630534974,0.11672040764017377
2025-08-16 21:18:28.753531,24.088957967755942,24.009962942777527,0.11803035826101746
2025-08-16 21:18:28.853531,24.127630555897543,24.024971699630587,0.11283942676681542
2025-08-16 21:18:28.953531,23.822226301953055,24.016391755263292,0.12110285028188209
2025-08-16 21:18:29.053531,24.08255602324943,24.02447433046408,0.11984810065328029
2025-08-16 21:18:29.153531,23.987540369412766,24.01530533242248,0.115218839763599
2025-08-16 21:18:29.253531,23.96054814285797,24.01145815050899,0.11569738887691755
2025-08-16 21:18:29.353531,24.16358334141296,24.020141619031577,0.12018477136939422
2025-08-16 21:18:29.453531,24.254924509934465,24.032065875674636,0.13060496290679302
2025-08-16 21:18:29.553531,24.30222217485672,24.043883569279426,0.14321344053297025
2025-08-16 21:18:29.653531,24.230321180725888,24.04915185515138,0.14795827540715079
2025-08-16 21:18:29.753531,24.016673206088804,24.055860023837504,0.1432163282544552
2025-08-16 21:18:29.853531,24.08607469112062,24.066350665638197,0.1372360532392219
2025-08-16 21:18:29.953531,24.148223430767636,24.063850076394395,0.13525147732687182
2025-08-16 21:18:30.053531,24.051410025728252,24.06788477088901,0.13360660372252706
2025-08-16 21:18:30.153531,24.052881294853396,24.079525151326155,0.12106182151797218
2025-08-16 21:18:30.253531,24.15686296978143,24.082408037828188,0.12217751515248856
